date,channel,spend,impressions,clicks,conversions,revenue
2025-01-01,Instagram,12429.34,592192,8660,1012,55363.0
2025-01-01,Google,19214.11,812130,43050,10627,35779.0
2025-01-01,Influencers,7683.78,478949,4860,223,26185.0
2025-01-02,Instagram,10933.44,393056,10981,873,56565.0
2025-01-02,Google,14700.1,800924,39429,5162,26985.0
2025-01-02,Influencers,6752.9,179774,2427,59,15389.0
2025-01-03,Instagram,11951.04,1390998,17032,984,57761.0
2025-01-03,Google,7141.17,254283,14993,3587,22185.0
2025-01-03,Influencers,15459.54,493951,5415,190,28583.0
2025-01-04,Instagram,10162.68,411479,7998,583,55966.0
2025-01-04,Google,8128.31,369770,16306,2491,20786.0
2025-01-04,Influencers,11546.76,438887,4622,54,24386.0
2025-01-05,Instagram,17244.91,1452991,26063,2516,65361.0
2025-01-05,Google,14649.06,509524,18821,3528,29379.0
2025-01-05,Influencers,6575.18,199263,2667,69,18189.0
2025-01-06,Instagram,14165.71,709836,14611,1485,62563.0
2025-01-06,Google,12936.13,1110842,35502,7534,32380.0
2025-01-06,Influencers,6596.39,299006,2892,100,21785.0
2025-01-07,Instagram,10772.28,484554,12805,1900,54169.0
2025-01-07,Google,10363.99,589431,18127,2211,25184.0
2025-01-07,Influencers,14154.85,410695,5384,207,26382.0
2025-01-08,Instagram,9810.56,663376,7210,966,53767.0
2025-01-08,Google,16320.39,836432,27211,5128,31180.0
2025-01-08,Influencers,5447.46,157996,1848,30,19387.0
2025-01-09,Instagram,14776.2,469601,10366,1414,56165.0
2025-01-09,Google,13309.41,492690,26131,4335,28382.0
2025-01-09,Influencers,3327.32,171818,2214,96,10394.0
2025-01-10,Instagram,14669.21,432049,12261,1025,52768.0
2025-01-10,Google,15115.02,456230,25171,3896,35381.0
2025-01-10,Influencers,7568.87,309589,2836,32,22983.0
2025-01-11,Instagram,9811.33,381547,9252,806,41578.0
2025-01-11,Google,14202.15,958709,30857,7346,27385.0
2025-01-11,Influencers,7830.05,251102,3674,101,14394.0
2025-01-12,Instagram,11822.05,631744,14340,1793,49168.0
2025-01-12,Google,13644.61,612079,18732,4301,37576.0
2025-01-12,Influencers,10109.69,552927,4758,93,22185.0
2025-01-13,Instagram,7760.35,357996,5845,665,29186.0
2025-01-13,Google,10841.05,568631,18938,2771,26788.0
2025-01-13,Influencers,5396.31,196707,1958,73,18591.0
2025-01-14,Instagram,15922.02,1607105,18086,1301,58559.0
2025-01-14,Google,14684.01,691367,23424,4514,30784.0
2025-01-14,Influencers,7479.33,280423,2951,104,13190.0
2025-01-15,Instagram,15072.19,783112,15431,2171,56963.0
2025-01-15,Google,17174.79,1248445,44836,7763,31781.0
2025-01-15,Influencers,6560.14,465864,2704,61,10993.0
2025-01-16,Instagram,13639.41,1099481,20935,3065,60762.0
2025-01-16,Google,14697.94,901284,43498,5711,28981.0
2025-01-16,Influencers,8002.89,302522,4206,55,18989.0
2025-01-17,Instagram,13396.53,537358,9626,913,64758.0
2025-01-17,Google,14070.04,432877,19746,4731,32179.0
2025-01-17,Influencers,7445.25,617096,4957,69,19988.0
2025-01-18,Instagram,8872.01,751612,7621,1045,41369.0
2025-01-18,Google,8453.03,520202,20168,3293,16788.0
2025-01-18,Influencers,7833.36,288129,3052,81,16187.0
2025-01-19,Instagram,7744.03,461538,9219,888,35978.0
2025-01-19,Google,17102.77,482363,26306,3731,34577.0
2025-01-19,Influencers,10844.81,420279,4319,46,21186.0
2025-01-20,Instagram,10103.62,1518541,15792,1685,51976.0
2025-01-20,Google,2620.71,106680,5777,1007,8394.0
2025-01-20,Influencers,8827.92,339601,2961,68,19389.0
2025-01-21,Instagram,7323.56,536527,6078,688,33574.0
2025-01-21,Google,5781.22,262205,11317,1989,16386.0
2025-01-21,Influencers,12524.22,381355,5669,271,23186.0
2025-01-22,Instagram,8714.42,320238,7354,1077,33385.0
2025-01-22,Google,4083.98,223490,7010,1243,11594.0
2025-01-22,Influencers,3329.63,299290,1743,72,7596.0
2025-01-23,Instagram,12888.69,928945,19897,2889,53367.0
2025-01-23,Google,11984.83,575175,29739,6545,22985.0
2025-01-23,Influencers,7932.06,587467,3682,157,15590.0
2025-01-24,Instagram,13457.48,925682,18142,2004,51365.0
2025-01-24,Google,17040.3,664340,25130,5478,31578.0
2025-01-24,Influencers,10549.75,321087,4072,48,24587.0
2025-01-25,Instagram,11248.32,531253,9749,774,47365.0
2025-01-25,Google,9269.09,386091,13138,2509,18786.0
2025-01-25,Influencers,3417.12,179118,1822,31,12191.0
2025-01-26,Instagram,8539.37,900326,9959,991,33578.0
2025-01-26,Google,12559.1,388414,19319,2445,30776.0
2025-01-26,Influencers,4205.1,143623,2014,79,8794.0
2025-01-27,Instagram,7454.08,442943,9620,795,39377.0
2025-01-27,Google,13380.5,939136,41711,6362,25188.0
2025-01-27,Influencers,15264.12,886250,7634,121,25586.0
2025-01-28,Instagram,8524.34,273374,6821,766,45168.0
2025-01-28,Google,21049.86,1100961,60392,11262,42376.0
2025-01-28,Influencers,7424.55,351335,3731,186,18189.0
2025-01-29,Instagram,6046.76,451364,8043,1014,32778.0
2025-01-29,Google,14617.08,408667,22397,3479,29980.0
2025-01-29,Influencers,22153.18,905827,9558,420,37578.0
2025-01-30,Instagram,5303.37,225151,4848,653,19984.0
2025-01-30,Google,9341.71,587450,25331,3607,24983.0
2025-01-30,Influencers,6527.67,359860,2699,47,13994.0
2025-01-31,Instagram,6255.11,344834,5632,576,24585.0
2025-01-31,Google,10768.74,338256,20086,2953,21186.0
2025-01-31,Influencers,5977.23,431633,2345,62,12191.0
2025-02-01,Instagram,8217.72,311716,5545,352,40979.0
2025-02-01,Google,7136.03,418321,17653,4163,15992.0
2025-02-01,Influencers,9707.54,304318,3597,100,17393.0
2025-02-02,Instagram,11047.93,381136,7921,944,60561.0
2025-02-02,Google,12765.06,544450,28489,5496,34577.0
2025-02-02,Influencers,9159.42,586208,3810,178,17990.0
2025-02-03,Instagram,10325.37,690779,16963,1759,39972.0
2025-02-03,Google,5983.45,156546,8151,1252,13990.0
2025-02-03,Influencers,9274.45,472312,3229,125,16386.0
2025-02-04,Instagram,15853.85,733693,10725,1499,61164.0
2025-02-04,Google,12631.6,333643,16318,3893,35576.0
2025-02-04,Influencers,8472.74,261691,3246,154,15588.0
2025-02-05,Instagram,9775.29,750829,12342,1038,37980.0
2025-02-05,Google,5864.46,404179,18668,4565,18790.0
2025-02-05,Influencers,9154.85,267783,3669,153,16191.0
2025-02-06,Instagram,7183.12,587023,10888,1455,31978.0
2025-02-06,Google,6257.2,163138,7944,1380,20784.0
2025-02-06,Influencers,6014.97,638872,3998,133,11994.0
2025-02-07,Instagram,9653.76,445490,6882,703,43369.0
2025-02-07,Google,10285.05,708732,31884,6233,19984.0
2025-02-07,Influencers,6880.84,352197,3035,135,13190.0
2025-02-08,Instagram,6478.3,304297,4617,502,28177.0
2025-02-08,Google,3203.62,92191,5297,1280,9592.0
2025-02-08,Influencers,4706.23,144583,1912,73,7992.0
2025-02-09,Instagram,9436.65,388435,11277,1258,36977.0
2025-02-09,Google,6179.75,256393,14816,2878,12790.0
2025-02-09,Influencers,5658.81,522288,3458,114,16989.0
2025-02-10,Instagram,11686.89,619438,14208,2129,53166.0
2025-02-10,Google,8395.37,201851,10862,1447,26782.0
2025-02-10,Influencers,6106.99,469888,2817,74,19988.0
2025-02-11,Instagram,8753.96,349040,6432,563,45570.0
2025-02-11,Google,8711.59,241785,11324,1875,18784.0
2025-02-11,Influencers,8013.64,469891,5234,80,17789.0
2025-02-12,Instagram,12080.28,697817,11123,721,49369.0
2025-02-12,Google,13862.55,606091,18320,3366,30782.0
2025-02-12,Influencers,7040.62,325896,4194,197,18587.0
2025-02-13,Instagram,14023.91,811806,21035,2082,65757.0
2025-02-13,Google,10023.66,421726,23356,5615,23385.0
2025-02-13,Influencers,5077.43,311549,2566,88,15190.0
2025-02-14,Instagram,11236.64,454928,8824,1153,48370.0
2025-02-14,Google,17236.19,406445,21963,3413,34979.0
2025-02-14,Influencers,8606.8,727199,5316,256,15990.0
2025-02-15,Instagram,7107.48,246283,6017,438,37578.0
2025-02-15,Google,9158.49,490142,27265,4934,29984.0
2025-02-15,Influencers,7102.61,325766,2596,73,21785.0
2025-02-16,Instagram,16882.67,704038,11891,665,70358.0
2025-02-16,Google,7986.57,214860,12639,1561,14991.0
2025-02-16,Influencers,2673.26,150314,957,29,4995.0
2025-02-17,Instagram,12318.85,487053,11392,1555,45574.0
2025-02-17,Google,13677.91,431258,24629,4222,25387.0
2025-02-17,Influencers,6508.96,256853,3069,140,13391.0
2025-02-18,Instagram,9420.17,455864,8163,451,47168.0
2025-02-18,Google,11824.25,310615,18437,2491,29584.0
2025-02-18,Influencers,5266.32,221844,1984,63,18587.0
2025-02-19,Instagram,6114.2,432088,7992,838,33775.0
2025-02-19,Google,19719.39,556228,30363,6737,40577.0
2025-02-19,Influencers,8416.58,607882,5139,76,17791.0
2025-02-20,Instagram,4268.48,160504,3931,467,18983.0
2025-02-20,Google,7721.12,244599,10956,1965,15986.0
2025-02-20,Influencers,5471.95,195275,1988,79,13988.0
2025-02-21,Instagram,5999.96,391827,8773,1105,23186.0
2025-02-21,Google,9652.72,620505,23904,5201,25785.0
2025-02-21,Influencers,4553.29,225216,2918,127,13990.0
2025-02-22,Instagram,4761.82,190854,3941,263,17592.0
2025-02-22,Google,6421.62,217039,12086,2751,14593.0
2025-02-22,Influencers,3904.31,152027,1671,36,9996.0
2025-02-23,Instagram,12457.54,692885,12236,1440,58165.0
2025-02-23,Google,8918.11,412426,22065,4699,16989.0
2025-02-23,Influencers,10311.37,546934,4498,160,28981.0
2025-02-24,Instagram,10301.62,1117939,14061,1697,48370.0
2025-02-24,Google,12945.01,407627,16885,4173,37574.0
2025-02-24,Influencers,9521.47,810394,5201,64,18987.0
2025-02-25,Instagram,9285.49,652968,6881,425,35775.0
2025-02-25,Google,12910.8,483230,22063,2980,39377.0
2025-02-25,Influencers,16804.94,929820,10773,239,32380.0
2025-02-26,Instagram,7856.53,723015,12720,1228,34573.0
2025-02-26,Google,7865.8,218292,10853,1492,22185.0
2025-02-26,Influencers,9402.74,360264,3531,149,20784.0
2025-02-27,Instagram,9412.99,547213,11013,968,42571.0
2025-02-27,Google,9867.74,406705,21507,5346,28983.0
2025-02-27,Influencers,9333.66,458247,5447,259,27582.0
2025-02-28,Instagram,13715.34,554615,14013,998,50768.0
2025-02-28,Google,10871.94,601802,30970,7547,21984.0
2025-02-28,Influencers,11435.44,321961,4799,67,24185.0
2025-03-01,Instagram,14198.87,643975,14523,2016,62760.0
2025-03-01,Google,12356.68,338393,16799,2250,24782.0
2025-03-01,Influencers,8023.3,574189,3705,59,19186.0
2025-03-02,Instagram,12441.77,598496,9769,1319,46770.0
2025-03-02,Google,14960.78,401971,23603,3992,28983.0
2025-03-02,Influencers,15326.45,1499897,8040,396,30380.0
2025-03-03,Instagram,8812.35,1237166,13108,1054,47769.0
2025-03-03,Google,12255.6,384110,17911,4081,31182.0
2025-03-03,Influencers,6225.55,257359,2747,92,15389.0
2025-03-04,Instagram,7735.36,280572,6587,708,31385.0
2025-03-04,Google,11612.11,752520,36078,6921,27385.0
2025-03-04,Influencers,7593.37,335784,3761,79,14193.0
2025-03-05,Instagram,7551.87,386139,11385,1294,29980.0
2025-03-05,Google,12437.14,439206,21005,2727,33174.0
2025-03-05,Influencers,9619.76,276058,3640,75,17787.0
2025-03-06,Instagram,9620.09,1150838,15389,1981,46372.0
2025-03-06,Google,13270.15,642600,21379,3831,24583.0
2025-03-06,Influencers,7408.03,814699,4452,48,23986.0
2025-03-07,Instagram,12579.71,329302,9706,692,47769.0
2025-03-07,Google,14205.18,1524887,46138,7307,35578.0
2025-03-07,Influencers,10887.29,315753,4457,124,21986.0
2025-03-08,Instagram,10153.4,527820,13682,1478,52167.0
2025-03-08,Google,18690.16,790965,31817,5583,36175.0
2025-03-08,Influencers,6698.59,290588,2411,100,17389.0
2025-03-09,Instagram,10288.69,556422,6914,506,46370.0
2025-03-09,Google,9916.61,320406,13750,1975,28782.0
2025-03-09,Influencers,8744.18,483042,5235,71,25984.0
2025-03-10,Instagram,11615.45,649601,10647,1140,48969.0
2025-03-10,Google,9960.74,406706,22083,3187,29381.0
2025-03-10,Influencers,10020.77,472361,3788,73,19188.0
2025-03-11,Instagram,10656.09,413012,9391,856,43970.0
2025-03-11,Google,19887.45,1128244,62786,11704,36177.0
2025-03-11,Influencers,11284.5,650763,4216,77,25984.0
2025-03-12,Instagram,12671.89,1806684,20735,2258,47968.0
2025-03-12,Google,14320.88,667942,36160,8231,37176.0
2025-03-12,Influencers,7975.18,528354,2971,38,20587.0
2025-03-13,Instagram,12642.03,528426,11863,1589,46768.0
2025-03-13,Google,14142.36,368710,18063,2442,34778.0
2025-03-13,Influencers,5317.85,155613,1881,93,15789.0
2025-03-14,Instagram,3839.08,155169,2721,347,15984.0
2025-03-14,Google,3926.12,282782,9763,1366,7992.0
2025-03-14,Influencers,5140.3,188979,2719,68,10989.0
2025-03-15,Instagram,14748.76,1472524,22323,2658,57564.0
2025-03-15,Google,11551.86,726787,35748,8710,26583.0
2025-03-15,Influencers,4899.76,360006,2310,70,16790.0
2025-03-16,Instagram,9405.3,309346,8197,722,36171.0
2025-03-16,Google,9393.5,228151,13626,3370,25182.0
2025-03-16,Influencers,7676.62,243407,2856,111,14989.0
2025-03-17,Instagram,6849.6,268706,5914,392,35580.0
2025-03-17,Google,9954.78,392657,19010,3693,25188.0
2025-03-17,Influencers,6762.28,200093,2673,46,19990.0
2025-03-18,Instagram,14196.86,723328,13902,1860,55365.0
2025-03-18,Google,6423.69,308156,9836,1406,17588.0
2025-03-18,Influencers,6695.4,363884,2330,85,22189.0
2025-03-19,Instagram,9230.89,325862,6459,503,43170.0
2025-03-19,Google,12344.24,410121,20106,4681,23984.0
2025-03-19,Influencers,11655.73,565876,4949,175,27785.0
2025-03-20,Instagram,9880.38,309946,8217,700,46971.0
2025-03-20,Google,19765.22,703032,27806,3474,37976.0
2025-03-20,Influencers,10417.43,314830,3872,178,28780.0
2025-03-21,Instagram,13958.16,506278,10426,1147,51966.0
2025-03-21,Google,17692.34,1056625,46240,10895,33978.0
2025-03-21,Influencers,12218.52,605696,6951,105,23385.0
2025-03-22,Instagram,11200.97,1161374,17996,1423,58774.0
2025-03-22,Google,5360.79,329167,9909,2285,10195.0
2025-03-22,Influencers,2289.28,109156,1362,34,6597.0
2025-03-23,Instagram,12079.09,690467,11980,776,56565.0
2025-03-23,Google,5238.36,267746,11090,1962,13590.0
2025-03-23,Influencers,4366.18,271715,2437,117,8993.0
2025-03-24,Instagram,9940.39,337369,7025,1016,50167.0
2025-03-24,Google,7527.77,353017,18480,3094,18386.0
2025-03-24,Influencers,16940.76,877315,6401,124,34179.0
2025-03-25,Instagram,8519.32,979825,13927,1022,45771.0
2025-03-25,Google,14108.47,959784,40832,7974,32780.0
2025-03-25,Influencers,5880.67,556371,3055,92,20788.0
2025-03-26,Instagram,19777.59,1107550,16538,2346,71554.0
2025-03-26,Google,6762.37,310237,12463,1715,12790.0
2025-03-26,Influencers,11149.19,529845,5436,102,26784.0
2025-03-27,Instagram,9260.67,326223,7231,793,33984.0
2025-03-27,Google,9072.53,217179,12615,2849,18191.0
2025-03-27,Influencers,6332.3,194185,2779,79,13793.0
2025-03-28,Instagram,10931.93,474127,10037,778,39172.0
2025-03-28,Google,9859.76,473616,20152,4213,27980.0
2025-03-28,Influencers,2765.11,166660,1090,42,7395.0
2025-03-29,Instagram,9487.37,578975,15417,1081,46967.0
2025-03-29,Google,13578.04,440165,18623,3829,38175.0
2025-03-29,Influencers,17999.0,1441553,8448,330,31781.0
2025-03-30,Instagram,8106.96,452256,5743,642,44370.0
2025-03-30,Google,16135.68,529041,26631,3590,37576.0
2025-03-30,Influencers,8063.27,525545,4131,152,16388.0
2025-03-31,Instagram,12906.84,461312,8731,651,53769.0
2025-03-31,Google,15573.5,1109694,50016,11927,35375.0
2025-03-31,Influencers,9176.34,339708,3220,136,20985.0
2025-04-01,Instagram,10329.96,237514,6974,940,48967.0
2025-04-01,Google,9934.07,359387,17633,3380,30981.0
2025-04-01,Influencers,19816.18,1339926,11411,231,33978.0
2025-04-02,Instagram,11618.37,730110,14680,846,49172.0
2025-04-02,Google,14895.96,499993,19726,4621,34378.0
2025-04-02,Influencers,7576.83,279389,3895,151,22782.0
2025-04-03,Instagram,15806.91,1126649,24285,3622,59761.0
2025-04-03,Google,21770.71,842395,41705,7357,43176.0
2025-04-03,Influencers,1909.36,69022,872,13,5596.0
2025-04-04,Instagram,7472.31,866544,8967,1332,29976.0
2025-04-04,Google,8847.74,292398,15166,2803,23986.0
2025-04-04,Influencers,4568.16,301871,2374,75,7994.0
2025-04-05,Instagram,11495.86,836571,16411,1281,55763.0
2025-04-05,Google,14927.33,458753,20554,3154,27781.0
2025-04-05,Influencers,7681.36,367910,2618,85,21586.0
2025-04-06,Instagram,9916.62,284124,7462,781,39568.0
2025-04-06,Google,19726.08,672281,28050,5032,40376.0
2025-04-06,Influencers,11805.09,288359,4079,128,26987.0
2025-04-07,Instagram,9483.16,451817,7717,636,43974.0
2025-04-07,Google,10377.77,365916,20639,3261,27182.0
2025-04-07,Influencers,10460.75,293138,3891,153,24784.0
2025-04-08,Instagram,13376.56,712554,9705,1196,62762.0
2025-04-08,Google,6310.03,528300,15893,3883,13389.0
2025-04-08,Influencers,11656.37,694385,6832,291,29582.0
2025-04-09,Instagram,12049.26,317716,9412,523,45371.0
2025-04-09,Google,8024.83,251413,14517,3470,22786.0
2025-04-09,Influencers,16473.68,551485,7228,182,29783.0
2025-04-10,Instagram,7853.65,473635,12578,1546,36173.0
2025-04-10,Google,7532.44,265760,12135,2382,22384.0
2025-04-10,Influencers,8256.85,377697,2825,36,14989.0
2025-04-11,Instagram,14215.29,1184643,16561,2358,65158.0
2025-04-11,Google,7680.51,320449,9704,1657,20384.0
2025-04-11,Influencers,7371.36,199924,2640,75,19188.0
2025-04-12,Instagram,14445.15,469174,11419,849,51767.0
2025-04-12,Google,11294.02,727825,36068,7509,21984.0
2025-04-12,Influencers,16297.16,894776,8823,105,28382.0
2025-04-13,Instagram,13581.63,370040,9684,663,54167.0
2025-04-13,Google,14223.87,697844,23587,3168,29379.0
2025-04-13,Influencers,7533.77,575917,3356,55,22786.0
2025-04-14,Instagram,7929.99,458395,9904,1000,36376.0
2025-04-14,Google,8816.14,200806,11098,2523,22786.0
2025-04-14,Influencers,8458.58,349352,5126,152,14788.0
2025-04-15,Instagram,9232.72,540741,9694,630,37580.0
2025-04-15,Google,6881.86,392794,19436,3243,15393.0
2025-04-15,Influencers,6526.55,312378,2573,56,22589.0
2025-04-16,Instagram,13120.91,545794,11225,779,55564.0
2025-04-16,Google,15994.9,501928,28462,5462,29582.0
2025-04-16,Influencers,7235.81,423898,2764,127,24185.0
2025-04-17,Instagram,9739.09,330345,8556,946,48169.0
2025-04-17,Google,13541.81,718535,34455,7884,31176.0
2025-04-17,Influencers,7401.61,209011,2985,91,23988.0
2025-04-18,Instagram,16412.49,541010,11254,1513,60561.0
2025-04-18,Google,5713.21,229021,13589,3026,18388.0
2025-04-18,Influencers,9120.32,253104,3197,141,20989.0
2025-04-19,Instagram,12793.0,1040636,12438,1103,53767.0
2025-04-19,Google,13646.67,478527,27645,3479,29978.0
2025-04-19,Influencers,5720.99,274778,2837,58,20187.0
2025-04-20,Instagram,13664.32,638685,19106,2189,57765.0
2025-04-20,Google,12787.34,483726,28367,5242,26183.0
2025-04-20,Influencers,7310.21,459395,2464,38,12392.0
2025-04-21,Instagram,7903.62,480052,7007,752,33176.0
2025-04-21,Google,8565.04,279868,14282,1869,22987.0
2025-04-21,Influencers,9558.9,271282,3281,152,22585.0
2025-04-22,Instagram,9455.62,277970,8023,723,41168.0
2025-04-22,Google,12540.71,441849,20630,3129,24581.0
2025-04-22,Influencers,6053.96,239145,3092,88,15188.0
2025-04-23,Instagram,10291.92,304010,8598,675,46169.0
2025-04-23,Google,13053.78,344307,19637,2426,28384.0
2025-04-23,Influencers,11873.97,745966,6814,210,24581.0
2025-04-24,Instagram,10165.3,814564,14161,2091,37172.0
2025-04-24,Google,12914.94,451091,20585,3474,24981.0
2025-04-24,Influencers,5777.04,458919,2747,32,15590.0
2025-04-25,Instagram,12139.46,469687,12522,1438,59564.0
2025-04-25,Google,13384.22,658537,20829,2628,34979.0
2025-04-25,Influencers,6134.58,359964,4010,131,10792.0
2025-04-26,Instagram,8679.31,337034,8971,999,40967.0
2025-04-26,Google,8537.07,565970,22261,4382,16987.0
2025-04-26,Influencers,6609.82,367726,3708,183,14991.0
2025-04-27,Instagram,10469.93,366173,7133,1062,44167.0
2025-04-27,Google,8940.1,446419,13670,2357,17986.0
2025-04-27,Influencers,5781.23,264050,2913,54,12191.0
2025-04-28,Instagram,6341.56,764304,9273,778,32386.0
2025-04-28,Google,14340.89,421948,19091,3151,29184.0
2025-04-28,Influencers,8389.92,295486,2813,76,16591.0
2025-04-29,Instagram,8322.99,448329,7130,1050,30380.0
2025-04-29,Google,8898.58,259754,13784,3010,24784.0
2025-04-29,Influencers,6472.31,286371,2884,110,10792.0
2025-04-30,Instagram,8004.81,399085,5853,506,31586.0
2025-04-30,Google,7874.86,280899,15172,2740,17590.0
2025-04-30,Influencers,6231.02,321239,2648,121,19190.0
2025-05-01,Instagram,8404.91,400371,6884,400,42374.0
2025-05-01,Google,11207.67,594558,30706,3843,32579.0
2025-05-01,Influencers,10822.48,502931,5747,230,20187.0
2025-05-02,Instagram,9204.21,658333,15265,2235,33377.0
2025-05-02,Google,13074.08,606225,23802,4019,37578.0
2025-05-02,Influencers,15419.33,1188459,6659,291,27982.0
2025-05-03,Instagram,12234.44,310154,9053,1247,54563.0
2025-05-03,Google,10752.62,372553,19513,3146,28979.0
2025-05-03,Influencers,13120.79,437608,5194,193,25785.0
2025-05-04,Instagram,14772.21,1074242,18520,1200,58963.0
2025-05-04,Google,15961.79,1117792,34347,6098,29783.0
2025-05-04,Influencers,8772.75,522291,2938,129,19188.0
2025-05-05,Instagram,6723.6,298467,8917,1247,31381.0
2025-05-05,Google,8168.66,522326,26944,5772,17389.0
2025-05-05,Influencers,2730.76,114968,1331,33,7594.0
2025-05-06,Instagram,10272.84,567116,12547,1685,52772.0
2025-05-06,Google,5117.31,247427,10703,1964,15192.0
2025-05-06,Influencers,8987.86,238717,3176,143,17791.0
2025-05-07,Instagram,11992.38,631192,10676,598,44173.0
2025-05-07,Google,15286.34,1306803,40098,6964,31980.0
2025-05-07,Influencers,8049.24,536386,3028,41,21785.0
2025-05-08,Instagram,11712.14,312586,9356,693,61162.0
2025-05-08,Google,8123.87,381936,14590,3586,21986.0
2025-05-08,Influencers,7738.38,388450,3200,84,19188.0
2025-05-09,Instagram,10468.62,291060,8098,1154,51566.0
2025-05-09,Google,18816.74,1201272,39024,7720,35578.0
2025-05-09,Influencers,8314.48,570466,2915,107,16589.0
2025-05-10,Instagram,8327.69,546911,10897,797,33174.0
2025-05-10,Google,5021.98,168483,7581,967,15188.0
2025-05-10,Influencers,12035.93,641991,5089,154,21783.0
2025-05-11,Instagram,8379.58,679970,8376,641,37974.0
2025-05-11,Google,13595.83,758392,32533,6931,25182.0
2025-05-11,Influencers,2473.56,89012,1257,25,5994.0
2025-05-12,Instagram,8773.22,541328,5920,769,43178.0
2025-05-12,Google,10901.6,393219,18012,3812,26187.0
2025-05-12,Influencers,4401.63,298433,2134,63,11395.0
2025-05-13,Instagram,7974.04,269507,7679,1046,36575.0
2025-05-13,Google,6050.14,363892,11053,1471,16788.0
2025-05-13,Influencers,6740.25,608264,4438,186,13791.0
2025-05-14,Instagram,11369.93,871232,15436,1326,49367.0
2025-05-14,Google,9711.46,290775,13750,1992,29783.0
2025-05-14,Influencers,9004.83,802004,4665,135,21385.0
2025-05-15,Instagram,10717.93,446017,12863,1081,42971.0
2025-05-15,Google,11979.99,399860,15955,2931,32979.0
2025-05-15,Influencers,11972.03,494131,4384,156,23984.0
2025-05-16,Instagram,5205.93,249885,3738,388,21779.0
2025-05-16,Google,5923.66,182509,10471,1418,15387.0
2025-05-16,Influencers,2052.7,78474,711,28,6993.0
2025-05-17,Instagram,1503.44,45132,1041,115,7594.0
2025-05-17,Google,672.77,34085,1048,231,1998.0
2025-05-17,Influencers,2069.1,58308,735,33,3797.0
2025-05-18,Instagram,8694.39,481110,7947,496,43970.0
2025-05-18,Google,9284.94,709411,21432,3550,28979.0
2025-05-18,Influencers,13849.19,597961,5546,151,26786.0
2025-05-19,Instagram,11519.04,311275,8962,481,55966.0
2025-05-19,Google,15518.61,394651,21161,5069,35178.0
2025-05-19,Influencers,4675.39,191289,1676,31,13992.0
2025-05-20,Instagram,10699.93,601323,13135,805,47367.0
2025-05-20,Google,12823.89,452543,22248,3197,29980.0
2025-05-20,Influencers,8770.37,326934,3802,168,24386.0
2025-05-21,Instagram,11405.17,676358,14726,1066,41974.0
2025-05-21,Google,15298.79,605822,31338,4895,32776.0
2025-05-21,Influencers,11218.96,478877,6130,153,21387.0
2025-05-22,Instagram,10683.93,431703,7271,900,44768.0
2025-05-22,Google,5387.53,201771,9060,1418,15586.0
2025-05-22,Influencers,5235.45,156943,1971,57,12392.0
2025-05-23,Instagram,8473.99,218464,5891,442,44169.0
2025-05-23,Google,11057.51,818377,28975,5775,22981.0
2025-05-23,Influencers,5000.38,457816,2514,36,10392.0
2025-05-24,Instagram,7157.43,286570,4899,308,33178.0
2025-05-24,Google,18781.03,546274,24574,5274,45576.0
2025-05-24,Influencers,7246.67,743954,4258,130,16591.0
2025-05-25,Instagram,9575.46,833119,10059,1044,36973.0
2025-05-25,Google,6727.92,212328,11378,2209,15789.0
2025-05-25,Influencers,10670.53,596530,5687,232,21584.0
2025-05-26,Instagram,7055.51,249986,5524,513,26985.0
2025-05-26,Google,9618.58,381664,13131,3268,27186.0
2025-05-26,Influencers,8799.66,347371,4740,193,19789.0
2025-05-27,Instagram,6511.04,218602,5564,347,32975.0
2025-05-27,Google,13664.25,1123022,39370,8809,29578.0
2025-05-27,Influencers,4645.05,174478,1568,53,9393.0
2025-05-28,Instagram,7718.09,531227,9192,1323,38376.0
2025-05-28,Google,8960.84,267763,11487,1975,24583.0
2025-05-28,Influencers,7792.15,207735,3016,139,16788.0
2025-05-29,Instagram,9604.69,763611,12111,614,50768.0
2025-05-29,Google,13457.65,484053,18766,4243,31781.0
2025-05-29,Influencers,5800.52,410998,2149,51,15789.0
2025-05-30,Instagram,9687.79,598653,14330,726,41769.0
2025-05-30,Google,9408.17,430177,23192,3945,23982.0
2025-05-30,Influencers,9392.09,607454,4609,141,16189.0
2025-05-31,Instagram,10281.71,774328,14326,933,45568.0
2025-05-31,Google,9871.44,323511,13422,3170,20784.0
2025-05-31,Influencers,4096.17,148175,1544,43,8394.0
2025-06-01,Instagram,6480.64,174237,4574,663,31176.0
2025-06-01,Google,7046.58,396139,16390,4078,20585.0
2025-06-01,Influencers,4881.39,214243,2045,77,16187.0
2025-06-02,Instagram,13825.96,747959,10585,1496,50567.0
2025-06-02,Google,15370.73,737144,32875,6135,35978.0
2025-06-02,Influencers,8466.92,484114,4462,167,19188.0
2025-06-03,Instagram,7529.46,296355,8308,724,38573.0
2025-06-03,Google,7108.14,484672,16391,2921,15789.0
2025-06-03,Influencers,4160.43,235609,2077,93,13992.0
2025-06-04,Instagram,5337.62,233571,5187,443,24390.0
2025-06-04,Google,2460.77,80186,4105,830,6597.0
2025-06-04,Influencers,9160.59,441555,5708,127,15594.0
2025-06-05,Instagram,6286.59,526684,5715,613,30185.0
2025-06-05,Google,13488.14,399325,18315,4097,29787.0
2025-06-05,Influencers,3283.98,394748,1974,21,9395.0
2025-06-06,Instagram,16189.14,1331528,17225,872,64557.0
2025-06-06,Google,9460.91,556345,24104,3388,22784.0
2025-06-06,Influencers,10047.61,431805,5856,209,20189.0
2025-06-07,Instagram,11249.74,344614,9629,549,45570.0
2025-06-07,Google,7712.74,328875,13822,2089,21182.0
2025-06-07,Influencers,12059.86,549277,4200,208,22788.0
2025-06-08,Instagram,7323.59,219382,6459,731,29980.0
2025-06-08,Google,6334.39,387016,18840,3509,20987.0
2025-06-08,Influencers,4097.77,216626,2723,72,11990.0
2025-06-09,Instagram,4633.98,299353,3819,285,25178.0
2025-06-09,Google,3407.66,152373,7057,1092,6794.0
2025-06-09,Influencers,2263.22,118122,814,39,4995.0
2025-06-10,Instagram,9805.84,567128,7527,382,51568.0
2025-06-10,Google,10917.65,723920,30429,6729,21986.0
2025-06-10,Influencers,7635.54,367139,3119,130,24985.0
2025-06-11,Instagram,10163.04,738651,12002,1776,46167.0
2025-06-11,Google,7530.64,237566,12385,2228,19184.0
2025-06-11,Influencers,7058.04,284839,4147,176,14788.0
2025-06-12,Instagram,11532.52,1133939,14973,1496,53968.0
2025-06-12,Google,9396.83,468269,22186,3301,24782.0
2025-06-12,Influencers,7763.11,533630,2772,75,26585.0
2025-06-13,Instagram,7553.01,327786,5537,602,33779.0
2025-06-13,Google,10490.2,247870,14653,2328,24183.0
2025-06-13,Influencers,1833.35,68155,853,34,5996.0
2025-06-14,Instagram,9874.58,530294,10649,1155,36173.0
2025-06-14,Google,8699.85,244390,14333,2060,25383.0
2025-06-14,Influencers,12079.59,398272,5603,268,20784.0
2025-06-15,Instagram,9420.27,666725,10065,765,36774.0
2025-06-15,Google,12317.3,825614,26666,6661,25783.0
2025-06-15,Influencers,4900.82,208160,2476,59,10591.0
2025-06-16,Instagram,13100.24,785261,14128,1492,61164.0
2025-06-16,Google,7557.32,366837,11598,2287,20985.0
2025-06-16,Influencers,5851.04,372483,2486,43,18989.0
2025-06-17,Instagram,8483.1,321961,6769,448,46372.0
2025-06-17,Google,16409.99,897356,27485,5240,35775.0
2025-06-17,Influencers,9922.92,376258,3691,147,19186.0
2025-06-18,Instagram,7318.64,351425,9799,714,40173.0
2025-06-18,Google,12587.74,515748,19296,4823,26579.0
2025-06-18,Influencers,6681.59,350519,2888,51,15988.0
2025-06-19,Instagram,7749.72,573358,11414,1324,39373.0
2025-06-19,Google,18632.94,594636,23911,3840,37377.0
2025-06-19,Influencers,5683.07,247699,2061,43,19188.0
2025-06-20,Instagram,10166.32,365661,9228,706,36577.0
2025-06-20,Google,8187.57,319390,18540,3532,16587.0
2025-06-20,Influencers,8454.42,633935,3291,139,18788.0
2025-06-21,Instagram,7369.8,407290,7254,925,39371.0
2025-06-21,Google,13956.52,486338,28883,6189,35574.0
2025-06-21,Influencers,3163.83,197725,1742,81,10392.0
2025-06-22,Instagram,6377.73,259965,5772,592,29377.0
2025-06-22,Google,16368.96,452638,26557,4727,31182.0
2025-06-22,Influencers,3838.06,147721,2004,25,12993.0
2025-06-23,Instagram,9330.3,267121,7786,712,44573.0
2025-06-23,Google,12917.62,690937,31062,7693,34778.0
2025-06-23,Influencers,12392.4,280830,4153,126,23184.0
2025-06-24,Instagram,8631.38,844971,11324,636,36575.0
2025-06-24,Google,14259.67,499945,19208,4716,34579.0
2025-06-24,Influencers,11033.11,848194,5459,174,24585.0
2025-06-25,Instagram,10138.74,361036,9973,1004,41972.0
2025-06-25,Google,4574.51,180265,8196,1170,14587.0
2025-06-25,Influencers,4387.91,166258,2437,37,13791.0
2025-06-26,Instagram,10850.29,506115,7552,558,39972.0
2025-06-26,Google,9172.01,414565,19828,3173,26579.0
2025-06-26,Influencers,4533.39,274953,2759,95,9592.0
2025-06-27,Instagram,11621.98,349165,7869,578,52567.0
2025-06-27,Google,9732.31,353635,13288,2170,28782.0
2025-06-27,Influencers,10272.21,442840,4098,176,21188.0
2025-06-28,Instagram,11076.33,259807,7752,514,48167.0
2025-06-28,Google,12500.26,527681,30320,6383,36979.0
2025-06-28,Influencers,5182.71,234315,2108,45,16589.0
2025-06-29,Instagram,9804.28,583534,8472,830,36772.0
2025-06-29,Google,5970.69,227128,10445,1312,14989.0
2025-06-29,Influencers,8135.44,590859,3576,50,19787.0
2025-06-30,Instagram,10771.27,298331,8337,566,49769.0
2025-06-30,Google,10977.4,360652,15418,2628,24583.0
2025-06-30,Influencers,15757.93,415892,6005,157,33580.0
2025-07-01,Instagram,12994.06,1018826,16803,1958,61960.0
2025-07-01,Google,12577.46,567014,30660,7072,28981.0
2025-07-01,Influencers,13671.43,338685,5026,99,22786.0
2025-07-02,Instagram,16822.95,485500,13335,1269,63759.0
2025-07-02,Google,7514.89,224077,11496,2670,24187.0
2025-07-02,Influencers,7439.16,437934,2719,35,14788.0
2025-07-03,Instagram,13425.53,520115,13773,1768,48567.0
2025-07-03,Google,9254.4,358354,14292,3010,23783.0
2025-07-03,Influencers,12738.08,638801,6892,192,26784.0
2025-07-04,Instagram,12809.11,599686,9918,1022,63361.0
2025-07-04,Google,15019.88,1041635,32967,5784,27580.0
2025-07-04,Influencers,11332.54,813899,4718,131,24786.0
2025-07-05,Instagram,10380.46,559008,13776,1642,43375.0
2025-07-05,Google,10178.93,403361,13435,2774,26179.0
2025-07-05,Influencers,7048.44,260982,3794,94,13590.0
2025-07-06,Instagram,15449.5,1184443,15908,2371,56567.0
2025-07-06,Google,9505.69,235172,13446,2984,20384.0
2025-07-06,Influencers,5123.71,187411,1743,27,14191.0
2025-07-07,Instagram,13007.02,478138,10226,1463,54364.0
2025-07-07,Google,5457.7,262721,8515,1185,17988.0
2025-07-07,Influencers,16171.77,780747,8578,267,27385.0
2025-07-08,Instagram,10637.09,1270234,14026,1818,52567.0
2025-07-08,Google,17703.9,866515,27503,6564,36179.0
2025-07-08,Influencers,9456.0,379259,4990,80,17389.0
2025-07-09,Instagram,6817.32,407625,9143,758,28380.0
2025-07-09,Google,11817.67,424558,21975,4365,22983.0
2025-07-09,Influencers,7982.09,358817,2758,53,19789.0
2025-07-10,Instagram,9330.19,294498,8146,1114,36778.0
2025-07-10,Google,8950.56,334672,16156,2155,28983.0
2025-07-10,Influencers,8872.57,683335,3509,49,19188.0
2025-07-11,Instagram,8342.98,531962,10573,572,44171.0
2025-07-11,Google,15606.41,354064,20596,4111,44772.0
2025-07-11,Influencers,7050.05,735329,4135,194,15391.0
2025-07-12,Instagram,13636.28,593674,13248,1299,54762.0
2025-07-12,Google,9492.61,268215,12847,3150,30782.0
2025-07-12,Influencers,6479.53,572194,3219,149,13391.0
2025-07-13,Instagram,17955.22,694570,12587,1107,64159.0
2025-07-13,Google,14178.41,526037,26600,4516,26981.0
2025-07-13,Influencers,7458.69,567786,2891,52,15791.0
2025-07-14,Instagram,5302.87,310783,4768,490,28979.0
2025-07-14,Google,9174.99,227099,12062,1944,26181.0
2025-07-14,Influencers,6681.12,219366,3204,76,23787.0
2025-07-15,Instagram,8644.17,439014,6877,918,30981.0
2025-07-15,Google,7401.99,475591,16761,2102,22985.0
2025-07-15,Influencers,3281.7,136520,1646,60,7994.0
2025-07-16,Instagram,8097.81,453136,8001,829,40969.0
2025-07-16,Google,7282.78,501061,22154,4200,21982.0
2025-07-16,Influencers,7740.92,303954,4113,151,14191.0
2025-07-17,Instagram,9226.74,691069,6985,690,47170.0
2025-07-17,Google,12465.86,321100,17666,4403,27582.0
2025-07-17,Influencers,9471.61,550400,5957,83,18189.0
2025-07-18,Instagram,8303.37,505214,9666,606,43377.0
2025-07-18,Google,11767.25,1009469,36497,4821,37375.0
2025-07-18,Influencers,6130.5,386082,2455,87,13992.0
2025-07-19,Instagram,7659.15,529246,8529,1171,35371.0
2025-07-19,Google,7465.45,549564,23730,5080,15789.0
2025-07-19,Influencers,9166.39,322384,3743,45,21783.0
2025-07-20,Instagram,7922.62,489368,8681,862,40171.0
2025-07-20,Google,9612.03,437286,20473,3864,24183.0
2025-07-20,Influencers,7194.92,298813,2605,57,18388.0
2025-07-21,Instagram,8654.14,854653,9218,653,33777.0
2025-07-21,Google,13674.09,1008238,36725,4452,30581.0
2025-07-21,Influencers,9225.43,437845,5244,76,17787.0
2025-07-22,Instagram,4098.59,387664,6801,500,20386.0
2025-07-22,Google,9060.64,541199,19021,2575,20987.0
2025-07-22,Influencers,2279.87,253835,1375,62,4597.0
2025-07-23,Instagram,3875.97,209650,3337,262,18386.0
2025-07-23,Google,4595.65,171742,10170,2274,12989.0
2025-07-23,Influencers,5887.82,621419,3699,159,12788.0
2025-07-24,Instagram,11871.86,446923,13263,1729,43576.0
2025-07-24,Google,9375.28,346602,18954,2417,23190.0
2025-07-24,Influencers,3758.23,125033,1791,25,9395.0
2025-07-25,Instagram,11364.25,446687,11516,1450,51164.0
2025-07-25,Google,12558.81,531301,27443,3785,30583.0
2025-07-25,Influencers,8200.55,452755,3132,70,19188.0
2025-07-26,Instagram,14714.27,544130,15866,868,58167.0
2025-07-26,Google,17237.3,474944,22046,3174,31578.0
2025-07-26,Influencers,7891.65,418025,4201,145,15588.0
2025-07-27,Instagram,5683.92,278440,4450,362,27584.0
2025-07-27,Google,3641.14,179815,6668,1141,10195.0
2025-07-27,Influencers,3909.08,127579,1560,21,9994.0
2025-07-28,Instagram,10410.3,1034452,10430,770,49769.0
2025-07-28,Google,9871.35,521488,27528,3942,29578.0
2025-07-28,Influencers,10141.09,556401,5713,257,18989.0
2025-07-29,Instagram,9579.41,499783,7910,1138,36774.0
2025-07-29,Google,13364.0,699731,26603,4359,24979.0
2025-07-29,Influencers,8623.28,255280,3262,125,22386.0
2025-07-30,Instagram,6773.72,941381,10018,1433,25377.0
2025-07-30,Google,5483.92,251026,10908,2304,12589.0
2025-07-30,Influencers,5299.65,203026,2577,46,11590.0
2025-07-31,Instagram,10557.26,321971,7540,639,52167.0
2025-07-31,Google,11104.17,623283,21947,3320,28985.0
2025-07-31,Influencers,9979.69,337703,4262,130,17186.0
2025-08-01,Instagram,5942.7,832627,8706,948,25986.0
2025-08-01,Google,11174.17,359327,14363,2586,25188.0
2025-08-01,Influencers,8185.0,785098,4348,182,24187.0
2025-08-02,Instagram,13175.5,850078,15481,1455,50567.0
2025-08-02,Google,16329.95,523116,26284,6203,37775.0
2025-08-02,Influencers,7267.93,325041,2707,63,16189.0
2025-08-03,Instagram,7659.66,440898,8997,1147,41568.0
2025-08-03,Google,7276.0,249764,14407,3157,20587.0
2025-08-03,Influencers,4892.56,162439,1748,83,12392.0
2025-08-04,Instagram,10597.05,343608,7529,974,38177.0
2025-08-04,Google,9775.82,259960,13060,2327,20587.0
2025-08-04,Influencers,9690.73,268328,3830,178,25588.0
2025-08-05,Instagram,9982.99,378676,7947,787,38780.0
2025-08-05,Google,5418.2,160817,8562,1413,15992.0
2025-08-05,Influencers,8224.65,409319,5066,230,19590.0
2025-08-06,Instagram,8303.41,695926,10763,1314,37572.0
2025-08-06,Google,8731.69,370420,11247,2659,16187.0
2025-08-06,Influencers,6919.26,204526,2833,75,12191.0
2025-08-07,Instagram,11164.75,517930,8794,1147,57564.0
2025-08-07,Google,17755.73,801255,42875,10207,35775.0
2025-08-07,Influencers,8841.36,459638,4585,122,26384.0
2025-08-08,Instagram,16246.19,455717,12530,658,58762.0
2025-08-08,Google,11756.52,583887,19854,3933,33379.0
2025-08-08,Influencers,5638.99,164084,2457,78,19785.0
2025-08-09,Instagram,8813.14,216010,6187,485,44969.0
2025-08-09,Google,20031.54,1085305,34825,6606,42177.0
2025-08-09,Influencers,13744.09,652113,5748,70,24784.0
2025-08-10,Instagram,6432.67,341650,9010,1311,24782.0
2025-08-10,Google,7860.31,393697,20971,3824,19988.0
2025-08-10,Influencers,3660.84,198697,1606,60,12991.0
2025-08-11,Instagram,12145.81,423840,8444,532,45771.0
2025-08-11,Google,14856.99,791861,45537,7158,38378.0
2025-08-11,Influencers,3964.19,205651,2274,103,13391.0
2025-08-12,Instagram,9782.45,580411,11131,1088,40370.0
2025-08-12,Google,8841.96,569638,20608,4348,26784.0
2025-08-12,Influencers,3721.63,353373,1835,60,11992.0
2025-08-13,Instagram,7786.94,515252,11301,1070,38774.0
2025-08-13,Google,21803.47,1762711,61366,10466,39775.0
2025-08-13,Influencers,7056.81,246760,3263,125,22585.0
2025-08-14,Instagram,13976.66,509484,10652,847,54764.0
2025-08-14,Google,11074.12,432926,22817,5599,34374.0
2025-08-14,Influencers,14156.98,636081,7180,100,23988.0
2025-08-15,Instagram,12890.91,931995,9779,810,48770.0
2025-08-15,Google,12417.37,674753,27523,4461,26382.0
2025-08-15,Influencers,19374.78,630290,7835,203,34179.0
2025-08-16,Instagram,9977.38,254912,7126,874,39773.0
2025-08-16,Google,7532.0,197176,10658,1934,17588.0
2025-08-16,Influencers,3986.44,190684,1468,41,13789.0
2025-08-17,Instagram,12015.31,755993,10898,1347,45773.0
2025-08-17,Google,11260.43,772494,29962,7072,32778.0
2025-08-17,Influencers,8412.08,612654,4252,127,21385.0
2025-08-18,Instagram,14077.61,754732,19719,1626,64159.0
2025-08-18,Google,12855.44,944934,35751,6920,29781.0
2025-08-18,Influencers,6953.09,686690,4296,123,17789.0
2025-08-19,Instagram,7531.48,323380,6124,738,34975.0
2025-08-19,Google,6293.09,288864,9608,2192,13990.0
2025-08-19,Influencers,7722.96,462293,3934,138,17988.0
2025-08-20,Instagram,12572.95,583069,8763,1209,61564.0
2025-08-20,Google,13706.53,361993,20705,2923,29980.0
2025-08-20,Influencers,6176.97,337927,2642,98,18987.0
2025-08-21,Instagram,11259.92,673820,8478,860,50569.0
2025-08-21,Google,7354.38,437698,18376,2865,21986.0
2025-08-21,Influencers,6201.5,349675,2152,83,19387.0
2025-08-22,Instagram,6607.07,227075,6656,723,35982.0
2025-08-22,Google,6638.39,344261,14884,2850,20191.0
2025-08-22,Influencers,3909.4,240829,1604,78,8593.0
2025-08-23,Instagram,11310.33,482312,13776,879,43572.0
2025-08-23,Google,11426.74,389688,16051,2604,34579.0
2025-08-23,Influencers,7681.16,529851,2728,35,17590.0
2025-08-24,Instagram,7748.45,236668,6626,732,32175.0
2025-08-24,Google,15317.59,952175,37453,7825,31978.0
2025-08-24,Influencers,5046.66,162763,1872,27,16187.0
2025-08-25,Instagram,15524.28,419198,10716,1593,70155.0
2025-08-25,Google,12093.34,372199,16067,2951,23986.0
2025-08-25,Influencers,6952.2,336367,3155,149,14989.0
2025-08-26,Instagram,7719.8,232511,5149,481,39779.0
2025-08-26,Google,8446.77,325685,18712,3237,23588.0
2025-08-26,Influencers,2601.81,86654,971,27,4798.0
2025-08-27,Instagram,9136.89,568278,6792,525,48969.0
2025-08-27,Google,11322.67,506263,16914,3822,33978.0
2025-08-27,Influencers,10340.54,652315,4020,103,20987.0
2025-08-28,Instagram,8012.28,213922,6277,681,42979.0
2025-08-28,Google,6932.51,285348,9229,1267,18589.0
2025-08-28,Influencers,3514.58,124479,1310,24,12193.0
2025-08-29,Instagram,9621.01,320942,9177,1069,40981.0
2025-08-29,Google,5622.85,374528,14017,2785,16792.0
2025-08-29,Influencers,7375.59,340356,3718,122,13992.0
2025-08-30,Instagram,5724.05,492670,8114,411,23379.0
2025-08-30,Google,2498.96,99789,4952,1192,5795.0
2025-08-30,Influencers,2810.1,69780,939,13,9592.0
2025-08-31,Instagram,10262.65,257046,7048,1045,42378.0
2025-08-31,Google,8465.35,246430,13152,2708,15992.0
2025-08-31,Influencers,7303.8,306848,2491,89,18392.0
2025-09-01,Instagram,9128.04,363021,6335,521,42573.0
2025-09-01,Google,21905.71,699102,35245,6094,40774.0
2025-09-01,Influencers,9529.74,425989,3333,149,18189.0
2025-09-02,Instagram,12496.03,644785,14435,2156,49777.0
2025-09-02,Google,11787.69,416247,16879,2565,22388.0
2025-09-02,Influencers,1355.83,48180,621,13,4796.0
2025-09-03,Instagram,10324.17,524706,13933,757,43168.0
2025-09-03,Google,15150.75,988952,36995,4967,34380.0
2025-09-03,Influencers,17163.78,953795,7006,318,29182.0
2025-09-04,Instagram,12713.17,682610,10586,911,51168.0
2025-09-04,Google,11447.59,370766,16688,2695,29982.0
2025-09-04,Influencers,7290.35,445306,2839,28,22585.0
2025-09-05,Instagram,11639.44,430154,10107,828,47369.0
2025-09-05,Google,8589.09,290225,12150,1498,23982.0
2025-09-05,Influencers,11959.64,543935,6582,149,22987.0
2025-09-06,Instagram,10821.28,716498,7723,473,56764.0
2025-09-06,Google,14722.27,449293,20104,3078,28581.0
2025-09-06,Influencers,4786.8,204530,2023,64,15789.0
2025-09-07,Instagram,12512.11,758154,17024,1269,52565.0
2025-09-07,Google,11658.04,394897,16583,2744,24183.0
2025-09-07,Influencers,9530.64,574136,4126,64,20587.0
2025-09-08,Instagram,8819.06,458486,8812,1146,38384.0
2025-09-08,Google,5991.97,211598,10302,2291,16591.0
2025-09-08,Influencers,9149.93,408895,5025,117,16792.0
2025-09-09,Instagram,8891.65,463833,7562,690,49367.0
2025-09-09,Google,12663.84,382875,21659,3200,30380.0
2025-09-09,Influencers,9232.0,433320,6144,287,18989.0
2025-09-10,Instagram,14465.02,777560,17548,1139,58163.0
2025-09-10,Google,4464.3,143872,5827,733,13391.0
2025-09-10,Influencers,12635.63,496696,5952,87,28583.0
2025-09-11,Instagram,11766.78,822004,14278,1501,46766.0
2025-09-11,Google,9740.4,276662,15069,3693,20585.0
2025-09-11,Influencers,2990.83,187821,1143,26,10591.0
2025-09-12,Instagram,7891.11,225137,5558,632,31375.0
2025-09-12,Google,8134.91,221209,12684,1863,25182.0
2025-09-12,Influencers,4429.24,182893,1775,58,9791.0
2025-09-13,Instagram,9982.0,360793,7885,649,49769.0
2025-09-13,Google,11240.94,560556,20693,2764,34977.0
2025-09-13,Influencers,13348.54,457203,6255,195,26183.0
2025-09-14,Instagram,11770.49,761269,18317,2075,53564.0
2025-09-14,Google,7651.85,239716,11754,2339,17389.0
2025-09-14,Influencers,8539.29,446045,4385,50,16989.0
2025-09-15,Instagram,13820.42,739683,11843,1592,54766.0
2025-09-15,Google,9287.74,519892,16997,3297,26183.0
2025-09-15,Influencers,10524.5,396344,3735,184,18987.0
2025-09-16,Instagram,13377.86,755688,18269,1379,56165.0
2025-09-16,Google,15947.71,1085935,51460,7294,29379.0
2025-09-16,Influencers,10635.88,622938,4071,184,19188.0
2025-09-17,Instagram,16179.5,1849942,21832,2721,61361.0
2025-09-17,Google,7827.5,218425,11245,2541,17387.0
2025-09-17,Influencers,18398.15,596230,7318,339,32181.0
2025-09-18,Instagram,6592.99,177584,4541,677,25984.0
2025-09-18,Google,5908.08,183606,8358,1697,12991.0
2025-09-18,Influencers,6554.29,227110,2443,34,14790.0
2025-09-19,Instagram,11397.5,297033,8636,547,56364.0
2025-09-19,Google,12025.0,401201,17130,2599,23186.0
2025-09-19,Influencers,7999.11,222062,2673,85,19785.0
2025-09-20,Instagram,7061.05,254217,4874,287,38981.0
2025-09-20,Google,10002.59,317711,13777,3155,18591.0
2025-09-20,Influencers,3053.74,123819,1699,38,6597.0
2025-09-21,Instagram,7752.99,643770,9439,969,28581.0
2025-09-21,Google,9651.79,221097,12418,2120,29377.0
2025-09-21,Influencers,6086.62,203650,2655,95,11391.0
2025-09-22,Instagram,13683.82,990343,11665,588,51570.0
2025-09-22,Google,11238.66,484749,17703,2234,26384.0
2025-09-22,Influencers,5901.33,222016,2254,102,18987.0
2025-09-23,Instagram,11405.57,278549,7668,666,59363.0
2025-09-23,Google,14546.22,722448,35332,5124,29180.0
2025-09-23,Influencers,9856.75,532564,3768,108,18587.0
2025-09-24,Instagram,10158.88,429963,9168,550,51369.0
2025-09-24,Google,17507.86,483619,28634,4903,34378.0
2025-09-24,Influencers,9689.72,595603,3619,93,18388.0
2025-09-25,Instagram,13801.57,1471110,17810,2665,56764.0
2025-09-25,Google,10896.2,1065953,33585,5198,30380.0
2025-09-25,Influencers,4670.11,194719,1919,68,11793.0
2025-09-26,Instagram,8649.1,427053,5802,779,47369.0
2025-09-26,Google,9761.99,386904,13081,2925,27186.0
2025-09-26,Influencers,7056.86,165789,2375,69,22585.0
2025-09-27,Instagram,10871.47,469949,9140,1024,46569.0
2025-09-27,Google,4908.48,139274,7127,928,15588.0
2025-09-27,Influencers,6057.51,261944,2236,40,10792.0
2025-09-28,Instagram,10573.64,1043582,16797,1215,41574.0
2025-09-28,Google,5292.37,277688,12441,2349,16985.0
2025-09-28,Influencers,8115.22,415402,2930,37,14989.0
2025-09-29,Instagram,9685.16,976452,11782,1325,47371.0
2025-09-29,Google,13505.29,500079,17261,2326,37777.0
2025-09-29,Influencers,8999.65,608268,3370,74,15588.0
2025-09-30,Instagram,9416.84,311318,7734,432,41974.0
2025-09-30,Google,9873.15,414088,21471,3143,24983.0
2025-09-30,Influencers,13392.75,515493,6924,285,24386.0
2025-10-01,Instagram,8931.61,666294,7449,666,44573.0
2025-10-01,Google,14701.91,778622,28703,4918,30181.0
2025-10-01,Influencers,12076.88,377181,4521,58,25988.0
2025-10-02,Instagram,12530.84,529213,10780,1119,62362.0
2025-10-02,Google,10089.03,326716,14916,2363,26581.0
2025-10-02,Influencers,6067.51,560308,3899,113,19186.0
2025-10-03,Instagram,15595.4,467936,10983,1433,57964.0
2025-10-03,Google,10246.55,265237,15844,2539,30981.0
2025-10-03,Influencers,6160.02,385573,3910,83,11592.0
2025-10-04,Instagram,8720.54,221378,6009,564,44171.0
2025-10-04,Google,8131.82,772105,23579,5819,23785.0
2025-10-04,Influencers,12428.52,454368,5919,146,26983.0
2025-10-05,Instagram,10969.69,618694,16603,2391,40969.0
2025-10-05,Google,8079.96,186802,11124,1479,20183.0
2025-10-05,Influencers,13471.84,442750,5084,65,23184.0
2025-10-06,Instagram,3370.06,218261,3308,476,17590.0
2025-10-06,Google,12036.2,412527,22777,2992,22388.0
2025-10-06,Influencers,5454.95,349403,1920,57,16390.0
2025-10-07,Instagram,9773.99,850528,9313,917,51968.0
2025-10-07,Google,6096.33,180985,8814,1719,17986.0
2025-10-07,Influencers,7970.68,314386,3191,65,25986.0
2025-10-08,Instagram,11894.74,1454133,18706,2144,42776.0
2025-10-08,Google,13551.03,468552,25674,6298,33381.0
2025-10-08,Influencers,8981.68,509404,5213,169,18790.0
2025-10-09,Instagram,7292.34,345832,9242,533,31777.0
2025-10-09,Google,11609.93,419214,24447,5890,22981.0
2025-10-09,Influencers,5041.59,313887,2415,93,13190.0
2025-10-10,Instagram,6918.05,367682,7114,597,38372.0
2025-10-10,Google,11401.45,363190,14924,2699,28981.0
2025-10-10,Influencers,3850.93,104649,1366,23,13389.0
2025-10-11,Instagram,8736.96,567033,10368,1030,45771.0
2025-10-11,Google,12975.53,506579,19579,4606,31180.0
2025-10-11,Influencers,9828.18,322637,4139,192,25783.0
2025-10-12,Instagram,10633.0,604160,12914,1461,41972.0
2025-10-12,Google,12728.79,639863,20630,2873,26183.0
2025-10-12,Influencers,8750.43,356435,3620,73,15789.0
2025-10-13,Instagram,8177.82,214694,5689,453,40571.0
2025-10-13,Google,10858.63,775179,27637,5096,35978.0
2025-10-13,Influencers,8809.36,331329,3070,41,28583.0
2025-10-14,Instagram,12684.04,663566,13990,935,59359.0
2025-10-14,Google,9564.15,378710,13351,3265,29783.0
2025-10-14,Influencers,7352.67,376823,4179,62,19387.0
2025-10-15,Instagram,7155.87,300342,5764,437,39570.0
2025-10-15,Google,10364.16,551076,17810,2381,23783.0
2025-10-15,Influencers,6132.76,229632,2225,64,11391.0
2025-10-16,Instagram,7462.89,716559,9193,725,35972.0
2025-10-16,Google,6388.76,183226,9803,2349,18987.0
2025-10-16,Influencers,4219.57,165882,2415,64,13992.0
2025-10-17,Instagram,6758.39,228550,4748,381,32983.0
2025-10-17,Google,12923.4,418374,24827,3661,23988.0
2025-10-17,Influencers,7874.68,606227,3494,134,15992.0
2025-10-18,Instagram,7474.01,235094,6614,960,32376.0
2025-10-18,Google,9627.39,656355,23852,5869,18989.0
2025-10-18,Influencers,10205.79,280241,4097,166,26183.0
2025-10-19,Instagram,8171.95,578004,9133,1093,35176.0
2025-10-19,Google,11021.94,416822,18413,2271,34780.0
2025-10-19,Influencers,11927.97,359392,4286,119,23385.0
2025-10-20,Instagram,10759.8,882045,11781,689,48372.0
2025-10-20,Google,14456.06,626116,24461,4301,35777.0
2025-10-20,Influencers,6584.41,370299,2653,46,18589.0
2025-10-21,Instagram,8859.53,604480,7471,1108,46169.0
2025-10-21,Google,11819.78,1006087,30490,4121,32181.0
2025-10-21,Influencers,6436.32,181588,2296,90,18788.0
2025-10-22,Instagram,12984.65,1040914,12213,695,59166.0
2025-10-22,Google,7876.68,456522,23014,4360,19785.0
2025-10-22,Influencers,10261.3,365729,3492,73,23182.0
2025-10-23,Instagram,9814.08,875528,9291,986,52571.0
2025-10-23,Google,15122.07,983207,29658,3833,31580.0
2025-10-23,Influencers,5085.1,163125,2414,25,14191.0
2025-10-24,Instagram,10877.18,676125,12543,1411,42971.0
2025-10-24,Google,10811.68,557359,17814,2334,35377.0
2025-10-24,Influencers,14470.68,1583986,8708,254,27986.0
2025-10-25,Instagram,12780.52,496938,11643,1258,64159.0
2025-10-25,Google,11055.58,368127,21970,4610,31182.0
2025-10-25,Influencers,4426.04,141349,2019,94,10392.0
2025-10-26,Instagram,7270.12,543928,11245,652,30372.0
2025-10-26,Google,4828.13,158437,6115,1172,12589.0
2025-10-26,Influencers,2731.33,162063,1205,15,5795.0
2025-10-27,Instagram,7951.85,341199,6382,523,38175.0
2025-10-27,Google,8693.62,322171,15383,2758,22585.0
2025-10-27,Influencers,8364.09,415647,3490,106,18786.0
2025-10-28,Instagram,8757.24,487473,7691,540,42571.0
2025-10-28,Google,16350.97,635600,37601,5689,36179.0
2025-10-28,Influencers,11419.02,402871,3882,104,20587.0
2025-10-29,Instagram,9588.21,581882,8104,448,40778.0
2025-10-29,Google,9411.16,349485,13906,2755,22185.0
2025-10-29,Influencers,11800.79,475831,4802,135,22384.0
2025-10-30,Instagram,7630.12,451170,11513,1164,41371.0
2025-10-30,Google,16480.14,969074,31208,4645,30382.0
2025-10-30,Influencers,7682.57,473770,4889,213,27184.0
2025-10-31,Instagram,13125.08,501059,8827,1090,59365.0
2025-10-31,Google,9135.81,618171,25280,5214,27182.0
2025-10-31,Influencers,6964.4,377612,3098,71,21785.0
2025-11-01,Instagram,6370.67,189456,4730,591,32175.0
2025-11-01,Google,7391.46,374406,12159,2434,21584.0
2025-11-01,Influencers,11289.7,721973,6238,196,23383.0
2025-11-02,Instagram,11125.9,1322770,13234,1748,59962.0
2025-11-02,Google,10841.18,411770,21166,2877,29580.0
2025-11-02,Influencers,7380.22,400722,2551,103,14388.0
2025-11-03,Instagram,10855.98,622984,16351,2307,54762.0
2025-11-03,Google,10658.14,603304,31185,7783,20784.0
2025-11-03,Influencers,4161.62,209119,2178,100,10392.0
2025-11-04,Instagram,17169.56,1014532,18046,1369,63562.0
2025-11-04,Google,13124.99,587261,26873,4253,27980.0
2025-11-04,Influencers,9094.48,349139,4108,84,20189.0
2025-11-05,Instagram,4650.03,186438,3168,331,22591.0
2025-11-05,Google,10887.17,286726,16809,2664,22587.0
2025-11-05,Influencers,1504.0,38455,532,10,4798.0
2025-11-06,Instagram,9130.59,417383,6181,908,47970.0
2025-11-06,Google,11718.58,763268,26069,5859,35375.0
2025-11-06,Influencers,4598.83,251170,2268,34,13592.0
2025-11-07,Instagram,9013.57,473357,12475,1452,44766.0
2025-11-07,Google,11878.49,425903,16241,3844,38181.0
2025-11-07,Influencers,9407.63,808236,5972,268,17389.0
2025-11-08,Instagram,16999.07,723069,11376,617,61962.0
2025-11-08,Google,13957.39,528712,28447,5590,27783.0
2025-11-08,Influencers,6989.13,340207,3897,65,12991.0
2025-11-09,Instagram,11097.41,340108,9573,1181,43172.0
2025-11-09,Google,15409.17,372555,19482,4073,39375.0
2025-11-09,Influencers,9327.93,943345,4902,143,22386.0
2025-11-10,Instagram,7263.72,465654,6377,906,37777.0
2025-11-10,Google,18291.03,537658,29255,6607,38776.0
2025-11-10,Influencers,13532.77,850621,9017,248,26183.0
2025-11-11,Instagram,9913.98,552486,13657,788,39373.0
2025-11-11,Google,8021.36,607088,22022,4846,22585.0
2025-11-11,Influencers,5218.26,307723,2924,61,10794.0
2025-11-12,Instagram,8184.93,264899,6527,734,42780.0
2025-11-12,Google,8002.54,235451,10190,2404,22786.0
2025-11-12,Influencers,3692.89,247182,1692,58,12591.0
2025-11-13,Instagram,7800.64,249242,7087,636,37972.0
2025-11-13,Google,9735.66,324727,15702,2271,18987.0
2025-11-13,Influencers,7329.13,373929,2716,135,12392.0
2025-11-14,Instagram,15632.62,980103,23631,3203,58563.0
2025-11-14,Google,15499.0,369682,20869,3788,35379.0
2025-11-14,Influencers,4717.02,156184,2092,94,13391.0
2025-11-15,Instagram,12512.11,766927,13492,1314,47369.0
2025-11-15,Google,14570.84,560920,24337,5933,34177.0
2025-11-15,Influencers,8354.52,412752,2884,133,17990.0
2025-11-16,Instagram,10642.5,683787,12377,1377,44971.0
2025-11-16,Google,19962.82,1337784,54200,6816,36774.0
2025-11-16,Influencers,8369.06,522109,5213,217,28983.0
2025-11-17,Instagram,8523.01,595332,9945,604,33174.0
2025-11-17,Google,9148.93,574003,20815,4253,26380.0
2025-11-17,Influencers,4858.03,261618,2437,80,14790.0
2025-11-18,Instagram,11747.22,406484,9368,1341,44573.0
2025-11-18,Google,13483.68,444979,23438,3307,36376.0
2025-11-18,Influencers,6200.86,346330,3955,57,17188.0
2025-11-19,Instagram,10577.28,917801,12877,1726,46768.0
2025-11-19,Google,20834.18,642344,31235,6512,43176.0
2025-11-19,Influencers,10442.92,502922,6266,72,19988.0
2025-11-20,Instagram,8883.68,270222,6374,353,35172.0
2025-11-20,Google,7287.47,250803,14230,1890,23383.0
2025-11-20,Influencers,4588.53,346050,2029,76,15188.0
2025-11-21,Instagram,10318.64,468664,11144,643,52764.0
2025-11-21,Google,8375.21,309687,11124,2209,19787.0
2025-11-21,Influencers,5574.55,337897,3283,45,17389.0
2025-11-22,Instagram,7550.84,393260,5631,655,27586.0
2025-11-22,Google,7966.65,288537,13178,2281,21789.0
2025-11-22,Influencers,11410.58,353365,5051,177,26587.0
2025-11-23,Instagram,7429.12,789367,8721,594,34575.0
2025-11-23,Google,9554.69,364673,17542,2351,18589.0
2025-11-23,Influencers,5287.86,365163,3293,36,18786.0
2025-11-24,Instagram,9612.71,670016,8145,651,36981.0
2025-11-24,Google,7695.87,301955,10684,2074,21188.0
2025-11-24,Influencers,4637.68,116300,1591,60,12794.0
2025-11-25,Instagram,7129.38,359690,5035,550,34784.0
2025-11-25,Google,6342.93,193598,10125,2128,20390.0
2025-11-25,Influencers,2983.04,93434,1120,53,9596.0
2025-11-26,Instagram,13110.58,678397,16028,1801,47572.0
2025-11-26,Google,13061.37,1020378,39354,8350,24183.0
2025-11-26,Influencers,11433.89,360728,4045,92,20587.0
2025-11-27,Instagram,11644.36,979019,15946,875,46965.0
2025-11-27,Google,10203.94,294209,15536,3510,21584.0
2025-11-27,Influencers,6804.17,239198,2806,104,15789.0
2025-11-28,Instagram,9110.81,370743,6666,546,44368.0
2025-11-28,Google,8402.25,241551,10899,1330,22585.0
2025-11-28,Influencers,9072.75,360733,3421,96,15791.0
2025-11-29,Instagram,3391.17,174628,4719,573,17986.0
2025-11-29,Google,12288.3,542156,26326,4329,35578.0
2025-11-29,Influencers,7162.58,230791,3053,88,18589.0
2025-11-30,Instagram,9379.43,294524,6916,879,34981.0
2025-11-30,Google,9465.08,420962,13922,3009,22587.0
2025-11-30,Influencers,11411.66,784643,3924,162,23190.0
2025-12-01,Instagram,8919.19,315181,6012,889,43568.0
2025-12-01,Google,6706.44,485960,14847,2007,16987.0
2025-12-01,Influencers,6034.58,198528,2217,99,10392.0
2025-12-02,Instagram,14198.87,1135379,17220,1607,50965.0
2025-12-02,Google,14546.25,667413,33177,6655,26784.0
2025-12-02,Influencers,9188.4,611312,3179,62,25385.0
2025-12-03,Instagram,13716.91,785092,17798,1175,53365.0
2025-12-03,Google,13406.52,551045,32390,6991,25984.0
2025-12-03,Influencers,9561.56,558384,5398,212,19988.0
2025-12-04,Instagram,8368.43,424765,6053,795,37576.0
2025-12-04,Google,12180.97,411185,17376,2223,31779.0
2025-12-04,Influencers,18733.75,778500,9671,124,32581.0
2025-12-05,Instagram,13507.32,824646,10357,956,48772.0
2025-12-05,Google,16237.15,626151,35619,4656,40374.0
2025-12-05,Influencers,8600.78,219550,3207,104,18587.0
2025-12-06,Instagram,10811.21,533007,15378,815,56364.0
2025-12-06,Google,17781.44,680096,30212,6492,34979.0
2025-12-06,Influencers,7509.41,224364,2747,115,16989.0
2025-12-07,Instagram,10459.03,714991,17192,1661,50772.0
2025-12-07,Google,10612.0,846864,28171,6318,22183.0
2025-12-07,Influencers,14937.57,730046,6670,233,30776.0
2025-12-08,Instagram,7421.41,227357,4966,685,36977.0
2025-12-08,Google,12371.2,611713,36661,8815,22786.0
2025-12-08,Influencers,4856.3,337716,1918,96,14390.0
2025-12-09,Instagram,7999.12,184393,5389,627,31980.0
2025-12-09,Google,15281.1,1318023,50719,11888,43972.0
2025-12-09,Influencers,5920.57,332394,3780,161,19986.0
2025-12-10,Instagram,8833.08,602900,13267,1472,37980.0
2025-12-10,Google,14217.24,725609,31963,5372,28384.0
2025-12-10,Influencers,5248.82,202831,2172,29,17188.0
2025-12-11,Instagram,15116.21,402292,11754,606,66362.0
2025-12-11,Google,8058.52,314725,11558,1674,16788.0
2025-12-11,Influencers,4648.94,504781,3007,63,13590.0
2025-12-12,Instagram,8762.45,296525,7588,496,41777.0
2025-12-12,Google,6003.46,156041,8325,1122,19391.0
2025-12-12,Influencers,5323.45,136244,2013,54,16191.0
2025-12-13,Instagram,9488.94,359079,8843,924,34384.0
2025-12-13,Google,8990.89,289548,14810,3245,23588.0
2025-12-13,Influencers,6121.86,347035,2168,107,11395.0
2025-12-14,Instagram,12008.46,667020,9652,931,51170.0
2025-12-14,Google,8843.93,496585,28057,4389,26581.0
2025-12-14,Influencers,9944.78,831360,5085,219,28183.0
2025-12-15,Instagram,14358.94,565684,10078,682,63160.0
2025-12-15,Google,10332.46,437985,15274,2331,31578.0
2025-12-15,Influencers,5446.31,236391,2671,92,11990.0
2025-12-16,Instagram,13224.36,493607,12959,1682,47968.0
2025-12-16,Google,12146.93,473589,25728,3988,31379.0
2025-12-16,Influencers,6523.02,236623,2689,95,20589.0
2025-12-17,Instagram,14912.21,562606,14518,1990,54569.0
2025-12-17,Google,9167.89,721140,24696,5179,23785.0
2025-12-17,Influencers,16520.35,983896,7098,75,30378.0
2025-12-18,Instagram,10730.14,642120,11593,1206,40774.0
2025-12-18,Google,22767.07,876518,42734,5893,44171.0
2025-12-18,Influencers,7339.16,318394,2744,54,16390.0
2025-12-19,Instagram,15403.13,1204352,22454,1399,64762.0
2025-12-19,Google,7751.07,687767,24893,5883,21182.0
2025-12-19,Influencers,6308.66,215167,2282,40,13592.0
2025-12-20,Instagram,15610.58,659407,18243,1173,57765.0
2025-12-20,Google,13397.94,515660,25668,4750,30979.0
2025-12-20,Influencers,4729.83,174611,2062,74,10591.0
2025-12-21,Instagram,10535.83,340831,10185,992,49367.0
2025-12-21,Google,12680.2,815318,25418,5021,30979.0
2025-12-21,Influencers,4812.24,132439,1659,57,12790.0
2025-12-22,Instagram,9307.33,674594,10675,926,43578.0
2025-12-22,Google,11809.24,415823,17193,2115,21588.0
2025-12-22,Influencers,6975.41,286034,3313,145,12394.0
2025-12-23,Instagram,4852.48,370495,4432,375,26189.0
2025-12-23,Google,7326.56,543402,23651,4981,18392.0
2025-12-23,Influencers,3049.37,124147,1412,29,7795.0
2025-12-24,Instagram,9409.67,265093,7836,420,41574.0
2025-12-24,Google,14720.02,510390,30157,6677,30778.0
2025-12-24,Influencers,12645.42,420891,5486,249,29584.0
2025-12-25,Instagram,8214.25,292138,6766,431,35781.0
2025-12-25,Google,7494.8,248103,10784,2266,16390.0
2025-12-25,Influencers,10735.7,1199187,6384,189,22991.0
2025-12-26,Instagram,4527.39,108022,3210,304,23188.0
2025-12-26,Google,4820.72,188558,10795,1993,14591.0
2025-12-26,Influencers,5119.47,258481,1979,49,10794.0
2025-12-27,Instagram,10841.41,846589,12772,886,40177.0
2025-12-27,Google,16487.81,810159,42579,9647,32177.0
2025-12-27,Influencers,4972.99,523215,3012,104,14788.0
2025-12-28,Instagram,12819.33,820049,12138,774,48368.0
2025-12-28,Google,8579.38,352524,10809,1384,16390.0
2025-12-28,Influencers,15354.41,1470614,9867,381,30981.0
2025-12-29,Instagram,11124.26,671382,16917,988,42372.0
2025-12-29,Google,7352.67,321602,10820,1475,23783.0
2025-12-29,Influencers,3016.39,239642,1959,60,8993.0
2025-12-30,Instagram,6374.68,743018,7584,525,34975.0
2025-12-30,Google,14639.33,380635,20166,4514,28386.0
2025-12-30,Influencers,5848.11,229418,2064,34,10792.0
2025-12-31,Instagram,10871.55,747100,8652,793,52965.0
2025-12-31,Google,10508.12,468033,21263,2937,30380.0
2025-12-31,Influencers,7945.64,803221,4374,98,25186.0
2026-01-01,Instagram,8127.26,389903,11325,1326,31578.0
2026-01-01,Google,11715.03,579321,32115,6528,23586.0
2026-01-01,Influencers,7568.42,279222,3433,133,13791.0
2026-01-02,Instagram,11426.83,912725,11721,895,58364.0
2026-01-02,Google,8901.93,285097,12630,1640,23184.0
2026-01-02,Influencers,5634.97,128055,1915,93,14790.0
2026-01-03,Instagram,9093.66,478036,9150,1062,42169.0
2026-01-03,Google,17582.73,758641,35584,7144,43576.0
2026-01-03,Influencers,4582.64,317877,1778,51,15990.0
2026-01-04,Instagram,9371.61,635125,7972,1101,48571.0
2026-01-04,Google,13208.04,381649,17221,4103,27582.0
2026-01-04,Influencers,4088.46,169467,1608,63,12191.0
2026-01-05,Instagram,9482.9,532740,12819,1305,51570.0
2026-01-05,Google,10064.05,347985,15421,1924,19586.0
2026-01-05,Influencers,17845.24,470340,6135,264,35174.0
2026-01-06,Instagram,9888.71,713647,9769,825,36776.0
2026-01-06,Google,10439.5,491015,25352,4984,26981.0
2026-01-06,Influencers,8568.39,382489,5219,226,23385.0
2026-01-07,Instagram,17598.24,1687364,16884,1216,63160.0
2026-01-07,Google,12927.84,414970,23743,4155,23986.0
2026-01-07,Influencers,4071.71,154786,1397,21,7992.0
2026-01-08,Instagram,9017.2,280128,8018,481,46967.0
2026-01-08,Google,13100.78,936619,37740,6296,27182.0
2026-01-08,Influencers,2655.08,126099,1643,74,8593.0
2026-01-09,Instagram,14313.75,615628,13892,1153,53763.0
2026-01-09,Google,11700.82,658310,31666,4836,31781.0
2026-01-09,Influencers,6734.73,347733,4285,97,16989.0
2026-01-10,Instagram,12888.29,579246,17006,1387,47369.0
2026-01-10,Google,12923.45,925072,33393,6183,30380.0
2026-01-10,Influencers,6656.21,159641,2360,68,22187.0
2026-01-11,Instagram,9722.74,495885,9341,687,45978.0
2026-01-11,Google,6412.56,390867,18389,2212,13992.0
2026-01-11,Influencers,3012.79,175024,1485,16,8396.0
2026-01-12,Instagram,12652.08,1155225,20205,1716,57164.0
2026-01-12,Google,9904.79,508525,24007,4053,32579.0
2026-01-12,Influencers,7881.07,359755,3063,141,21186.0
2026-01-13,Instagram,10670.36,360340,9387,837,38571.0
2026-01-13,Google,13965.42,1165751,35279,8566,45371.0
2026-01-13,Influencers,7480.95,448171,2961,85,16191.0
2026-01-14,Instagram,12843.82,648097,18241,2688,52567.0
2026-01-14,Google,12298.23,704239,26143,5932,27984.0
2026-01-14,Influencers,4875.6,169444,1791,21,16987.0
2026-01-15,Instagram,13790.02,829816,11658,752,50163.0
2026-01-15,Google,14572.46,745473,36130,7873,27180.0
2026-01-15,Influencers,4094.31,246238,2095,68,9393.0
2026-01-16,Instagram,9995.83,860095,10291,896,39773.0
2026-01-16,Google,13190.42,853706,41120,5214,39377.0
2026-01-16,Influencers,6270.72,184463,2695,114,17190.0
2026-01-17,Instagram,11148.28,644371,17658,1767,45178.0
2026-01-17,Google,8232.03,392924,16629,3785,19188.0
2026-01-17,Influencers,5491.86,197538,2080,65,9594.0
2026-01-18,Instagram,13387.55,338858,9920,705,51767.0
2026-01-18,Google,12282.88,601607,18569,4575,25781.0
2026-01-18,Influencers,10789.83,346930,3670,45,24384.0
2026-01-19,Instagram,6379.68,483839,9239,1306,32985.0
2026-01-19,Google,8697.1,292267,16411,2865,19791.0
2026-01-19,Influencers,4349.86,257901,2674,70,11395.0
2026-01-20,Instagram,12513.25,939269,15655,1039,47771.0
2026-01-20,Google,12341.05,427412,21293,2706,31781.0
2026-01-20,Influencers,14488.53,509128,5200,126,27182.0
2026-01-21,Instagram,11753.29,1005384,12691,1788,52366.0
2026-01-21,Google,13128.42,358781,17614,3400,34380.0
2026-01-21,Influencers,8343.01,221249,3060,51,20985.0
2026-01-22,Instagram,8161.3,407454,5450,567,29377.0
2026-01-22,Google,13765.24,388639,21334,3933,28979.0
2026-01-22,Influencers,3211.91,193040,2096,84,11393.0
2026-01-23,Instagram,12154.63,638539,10216,938,56167.0
2026-01-23,Google,9645.98,419020,24399,4391,31580.0
2026-01-23,Influencers,6213.81,175784,2607,77,16989.0
2026-01-24,Instagram,8166.18,317110,6149,887,40969.0
2026-01-24,Google,12851.41,710485,35216,4857,37777.0
2026-01-24,Influencers,7833.46,475806,2841,130,15391.0
2026-01-25,Instagram,8073.02,293290,6472,952,35777.0
2026-01-25,Google,13543.24,586730,34144,7529,27580.0
2026-01-25,Influencers,5038.0,201227,1753,62,11791.0
2026-01-26,Instagram,11337.8,1109865,14025,1857,42171.0
2026-01-26,Google,13433.12,698899,21591,4894,35377.0
2026-01-26,Influencers,11833.49,1013886,5078,174,26583.0
2026-01-27,Instagram,11874.26,726007,14385,1648,49168.0
2026-01-27,Google,11663.54,1240423,37738,5550,23984.0
2026-01-27,Influencers,12263.43,500831,6877,153,36376.0
2026-01-28,Instagram,12351.37,621544,8779,867,50370.0
2026-01-28,Google,12241.35,382430,21169,5260,37176.0
2026-01-28,Influencers,5096.97,233756,1987,96,15789.0
2026-01-29,Instagram,8420.86,287417,6227,748,34380.0
2026-01-29,Google,10455.12,381522,14226,1835,24985.0
2026-01-29,Influencers,7589.88,241283,2549,106,12991.0
2026-01-30,Instagram,4006.42,131691,2689,283,20784.0
2026-01-30,Google,13628.92,772503,29204,4011,29980.0
2026-01-30,Influencers,0.0,0,0,0,0.0
2026-01-31,Instagram,3230.38,336071,4101,528,16989.0
2026-01-31,Google,9982.84,267741,14386,2390,21186.0
2026-01-31,Influencers,2438.14,82974,1089,21,7594.0
2026-02-01,Instagram,11843.77,572814,13526,717,43375.0
2026-02-01,Google,4548.56,313882,10856,2591,14591.0
2026-02-01,Influencers,4072.28,251175,1720,68,7594.0
2026-02-02,Instagram,10992.83,451469,8602,1287,41576.0
2026-02-02,Google,7905.45,350553,13662,3321,20985.0
2026-02-02,Influencers,6216.65,220039,2324,30,11393.0
2026-02-03,Instagram,10562.05,1079059,16295,2050,39375.0
2026-02-03,Google,9332.91,221503,12558,3016,17190.0
2026-02-03,Influencers,9904.15,573463,6547,215,20187.0
2026-02-04,Instagram,7584.43,433366,8962,1032,33582.0
2026-02-04,Google,9433.81,467612,16754,4099,21988.0
2026-02-04,Influencers,8213.8,353131,4898,124,18386.0
2026-02-05,Instagram,6107.24,197480,5242,730,28981.0
2026-02-05,Google,6270.79,158390,8602,1155,14390.0
2026-02-05,Influencers,7924.15,279058,2778,78,15391.0
2026-02-06,Instagram,6294.61,271231,6190,588,27781.0
2026-02-06,Google,9967.04,229354,12772,2358,18589.0
2026-02-06,Influencers,9645.41,551343,3558,174,21988.0
2026-02-07,Instagram,8375.91,518187,8266,1133,33379.0
2026-02-07,Google,7719.51,523171,16288,3627,21186.0
2026-02-07,Influencers,6747.89,157114,2279,102,11793.0
2026-02-08,Instagram,6021.96,358820,5170,425,28983.0
2026-02-08,Google,12531.8,711952,21663,3061,28583.0
2026-02-08,Influencers,8367.61,354515,4470,127,16390.0
2026-02-09,Instagram,8684.41,555688,6525,448,37576.0
2026-02-09,Google,6881.6,393745,17825,4017,19188.0
2026-02-09,Influencers,3395.33,123195,1151,45,7994.0
2026-02-10,Instagram,7095.84,226408,6352,748,30181.0
2026-02-10,Google,13427.92,413214,21770,2758,27385.0
2026-02-10,Influencers,2653.58,83490,940,35,9194.0
2026-02-11,Instagram,4269.93,309602,6398,366,21984.0
2026-02-11,Google,13216.41,607699,21944,4041,35379.0
2026-02-11,Influencers,4138.48,142421,2023,42,8394.0
2026-02-12,Instagram,10870.39,475225,13435,1540,44171.0
2026-02-12,Google,6299.69,263492,9917,2319,17391.0
2026-02-12,Influencers,3564.94,109788,1571,55,6796.0
2026-02-13,Instagram,9994.63,415309,12455,1112,36577.0
2026-02-13,Google,10316.13,498108,23486,3926,20386.0
2026-02-13,Influencers,5517.24,221002,2660,106,10794.0
2026-02-14,Instagram,11758.6,746283,9333,637,42372.0
2026-02-14,Google,8305.23,406317,16546,3537,18388.0
2026-02-14,Influencers,5429.67,193020,2346,41,15192.0
2026-02-15,Instagram,6958.04,493211,6558,821,37178.0
2026-02-15,Google,10025.51,448159,13877,2999,19988.0
2026-02-15,Influencers,3203.79,146696,1510,45,10591.0
2026-02-16,Instagram,5843.01,293737,4370,433,31180.0
2026-02-16,Google,12285.15,443455,24586,5297,27984.0
2026-02-16,Influencers,3709.69,90264,1271,37,9594.0
2026-02-17,Instagram,12376.5,462365,9855,703,45970.0
2026-02-17,Google,9489.41,363572,14418,1966,19389.0
2026-02-17,Influencers,3577.5,187178,1432,38,6595.0
2026-02-18,Instagram,8682.6,808362,10037,716,34778.0
2026-02-18,Google,6849.74,285094,13449,2409,20187.0
2026-02-18,Influencers,7938.87,418613,3270,57,14191.0
2026-02-19,Instagram,7043.36,184344,5479,650,30979.0
2026-02-19,Google,5235.45,198584,7476,1684,13592.0
2026-02-19,Influencers,7414.18,376121,4619,207,25586.0
2026-02-20,Instagram,7427.19,294934,6650,419,29781.0
2026-02-20,Google,12043.85,535321,20591,3074,21986.0
2026-02-20,Influencers,5938.46,338669,3530,145,10792.0
2026-02-21,Instagram,5640.44,154947,4013,454,22987.0
2026-02-21,Google,7307.43,260482,12699,2962,22185.0
2026-02-21,Influencers,4122.43,349916,2103,99,12392.0
2026-02-22,Instagram,7375.01,365841,9869,1062,30782.0
2026-02-22,Google,9497.33,534877,23987,4403,22388.0
2026-02-22,Influencers,4772.3,283249,1666,46,9393.0
2026-02-23,Instagram,6431.19,313744,7311,628,29582.0
2026-02-23,Google,9181.24,360722,17090,2141,25186.0
2026-02-23,Influencers,4440.82,264764,2422,96,13791.0
2026-02-24,Instagram,9475.46,709810,11411,1199,33978.0
2026-02-24,Google,8777.28,244568,14256,2756,20589.0
2026-02-24,Influencers,6293.8,264075,2947,118,11391.0
2026-02-25,Instagram,7469.4,488364,5468,431,27783.0
2026-02-25,Google,9692.19,967720,29354,6875,23385.0
2026-02-25,Influencers,7698.67,484250,4512,173,18989.0
2026-02-26,Instagram,25611.31,1085855,17638,2527,129717.0
2026-02-26,Google,51111.15,1361759,70787,12487,93542.0
2026-02-26,Influencers,26849.44,1575769,9235,295,66161.0
2026-02-27,Instagram,21890.79,623788,16857,2522,97333.0
2026-02-27,Google,25258.51,1172536,35787,6354,67550.0
2026-02-27,Influencers,21295.98,2138426,12686,353,35775.0
2026-02-28,Instagram,22848.24,1241927,26618,2951,95329.0
2026-02-28,Google,26216.1,1718317,81496,15988,51964.0
2026-02-28,Influencers,16380.73,1150245,7807,309,33373.0
2026-03-01,Instagram,17964.93,567981,13029,748,74547.0
2026-03-01,Google,18627.94,792030,25894,3939,51564.0
2026-03-01,Influencers,21470.17,1248203,7779,82,43968.0
2026-03-02,Instagram,16253.75,1341656,21742,1494,67162.0
2026-03-02,Google,9571.47,436283,15657,2588,21586.0
2026-03-02,Influencers,8196.0,673402,3700,81,16788.0
2026-03-03,Instagram,3246.44,169279,3748,522,14193.0
2026-03-03,Google,3751.27,167361,5674,1206,8396.0
2026-03-03,Influencers,4300.09,550549,2862,139,8396.0
2026-03-04,Instagram,4750.76,163113,3341,463,18587.0
2026-03-04,Google,3439.71,295096,10395,2409,9592.0
2026-03-04,Influencers,2604.21,118226,1683,54,6794.0
2026-03-05,Instagram,4892.63,173608,4830,681,17986.0
2026-03-05,Google,3570.45,98306,5545,1053,8394.0
2026-03-05,Influencers,2652.82,91151,1029,27,7594.0
2026-03-06,Instagram,2518.58,207570,3684,420,13190.0
2026-03-06,Google,4836.4,364257,12339,1923,14189.0
2026-03-06,Influencers,2428.68,136581,921,16,7594.0
2026-03-07,Instagram,3429.46,144574,2516,372,12593.0
2026-03-07,Google,3398.69,143620,6469,793,9596.0
2026-03-07,Influencers,7981.09,302461,4293,148,14394.0
2026-03-08,Instagram,6154.43,434873,5073,389,27582.0
2026-03-08,Google,4123.0,295472,10297,2120,8593.0
2026-03-08,Influencers,7231.23,737372,4646,199,14792.0
2026-03-09,Instagram,1944.2,183212,1941,176,8995.0
2026-03-09,Google,2857.02,83320,3595,570,7196.0
2026-03-09,Influencers,1703.31,101742,1018,14,3598.0
2026-03-10,Instagram,1523.96,100333,2378,297,7395.0
2026-03-10,Google,6342.72,324369,11171,1976,12593.0
2026-03-10,Influencers,351.46,15077,184,5,999.0
2026-03-11,Instagram,3953.72,297549,3101,245,20985.0
2026-03-11,Google,1009.62,56203,2216,323,1998.0
2026-03-11,Influencers,4790.73,193667,1961,24,8995.0
2026-03-12,Instagram,11214.15,570150,7523,637,40969.0
2026-03-12,Google,13119.22,405000,19017,4154,30782.0
2026-03-12,Influencers,9189.12,293849,3271,112,28183.0
2026-03-13,Instagram,10205.33,290849,7087,805,38973.0
2026-03-13,Google,3897.81,104857,5296,797,11988.0
2026-03-13,Influencers,11215.6,483109,3934,122,18989.0
2026-03-14,Instagram,8823.26,329837,8884,1000,42770.0
2026-03-14,Google,8844.11,633260,22271,4583,24382.0
2026-03-14,Influencers,6316.95,271265,3125,100,14388.0
2026-03-15,Instagram,10554.26,464476,12352,1103,37974.0
2026-03-15,Google,16261.06,527105,23769,4318,36579.0
2026-03-15,Influencers,12359.03,1145632,7692,365,24583.0
2026-03-16,Instagram,14471.49,1035000,14166,1517,52567.0
2026-03-16,Google,5551.62,191009,9309,2088,15787.0
2026-03-16,Influencers,2862.95,101590,1042,40,7795.0
2026-03-17,Instagram,8555.57,278903,6291,458,46973.0
2026-03-17,Google,18685.53,992799,38829,6695,34778.0
2026-03-17,Influencers,7736.38,323728,2718,110,13190.0
2026-03-18,Instagram,11412.13,423446,11296,1240,55568.0
2026-03-18,Google,10051.99,558064,20503,3171,31377.0
2026-03-18,Influencers,12354.07,626090,4169,81,24782.0
2026-03-19,Instagram,7634.27,271705,5648,446,40772.0
2026-03-19,Google,24649.82,928048,49883,11105,51968.0
2026-03-19,Influencers,8442.81,345010,4955,224,23184.0
2026-03-20,Instagram,7657.0,502114,6997,676,41769.0
2026-03-20,Google,11963.8,615601,28016,6399,30780.0
2026-03-20,Influencers,16169.44,1026997,10209,478,31182.0
2026-03-21,Instagram,2938.88,293089,4092,268,11793.0
2026-03-21,Google,6437.33,466600,14880,2458,11793.0
2026-03-21,Influencers,6431.66,281876,2180,76,20987.0
2026-03-22,Instagram,6939.85,302439,5131,311,30177.0
2026-03-22,Google,9831.04,546706,28351,6403,21182.0
2026-03-22,Influencers,7747.06,900430,5022,234,13990.0
2026-03-23,Instagram,10084.89,341775,8449,992,46967.0
2026-03-23,Google,4718.69,277689,9202,1855,15188.0
2026-03-23,Influencers,5468.01,246043,2022,65,14790.0
2026-03-24,Instagram,5934.75,192093,4306,635,26384.0
2026-03-24,Google,6452.5,198781,9046,1522,11793.0
2026-03-24,Influencers,2912.11,212223,1726,39,8394.0
2026-03-25,Instagram,10166.83,453707,13272,1130,47369.0
2026-03-25,Google,13213.39,726504,32962,7927,35375.0
2026-03-25,Influencers,6351.44,182032,2475,58,21588.0
2026-03-26,Instagram,11138.36,278695,8262,589,52165.0
2026-03-26,Google,15260.64,819020,47353,9557,35178.0
2026-03-26,Influencers,9704.85,702889,6386,178,20587.0
2026-03-27,Instagram,6428.71,565685,7580,1112,23785.0
2026-03-27,Google,5532.84,310306,16070,3639,12792.0
2026-03-27,Influencers,7709.09,865843,4480,166,15391.0
2026-03-28,Instagram,8360.45,285661,8468,770,39773.0
2026-03-28,Google,10722.94,348254,18759,3217,32977.0
2026-03-28,Influencers,9875.75,474923,3477,151,25186.0
2026-03-29,Instagram,14459.83,369975,10130,1143,52167.0
2026-03-29,Google,17591.98,575186,32575,4905,35578.0
2026-03-29,Influencers,9002.74,887903,5356,170,16189.0
2026-03-30,Instagram,12062.03,864170,19900,1085,45369.0
2026-03-30,Google,8982.41,227061,11382,2814,18987.0
2026-03-30,Influencers,6652.91,282553,3887,122,11793.0
2026-03-31,Instagram,7027.01,249812,5257,501,37379.0
2026-03-31,Google,12258.16,622924,25143,5336,29385.0
2026-03-31,Influencers,7528.61,467767,2675,40,12595.0
2026-04-01,Instagram,6878.65,247395,6772,390,31385.0
2026-04-01,Google,8290.55,404676,14078,2914,24185.0
2026-04-01,Influencers,11832.32,1023417,5640,204,22989.0
2026-04-02,Instagram,8552.28,767979,8684,535,35184.0
2026-04-02,Google,15762.8,310928,16849,1975,29385.0
2026-04-02,Influencers,5449.61,347475,2442,64,15192.0
2026-04-03,Instagram,8836.06,296657,7336,252,33974.0
2026-04-03,Google,11294.12,269301,12305,1708,25580.0
2026-04-03,Influencers,14218.72,627792,4970,69,24585.0
2026-04-04,Instagram,8417.85,257309,7315,518,31176.0
2026-04-04,Google,9216.68,257802,12191,963,23381.0
2026-04-04,Influencers,9153.77,264539,2409,50,18786.0
2026-04-05,Instagram,5777.8,205810,3835,209,31982.0
2026-04-05,Google,11526.38,442898,20334,2368,25988.0
2026-04-05,Influencers,4484.65,244628,1376,11,12394.0
2026-04-06,Instagram,14215.79,691824,13827,1017,72754.0
2026-04-06,Google,9551.64,199154,8669,936,25383.0
2026-04-06,Influencers,4249.86,213188,1534,39,13592.0
2026-04-07,Instagram,4980.27,120978,3525,265,24780.0
2026-04-07,Google,4619.97,159680,7869,652,11789.0
2026-04-07,Influencers,2672.6,98308,680,12,7594.0
2026-04-08,Instagram,11285.65,705822,11020,488,58366.0
2026-04-08,Google,16734.48,321840,18964,2482,30979.0
2026-04-08,Influencers,8737.67,175720,2510,35,17986.0
2026-04-09,Instagram,10748.43,271968,7904,417,47572.0
2026-04-09,Google,5140.33,292626,9428,985,14991.0
2026-04-09,Influencers,8038.88,159159,2195,40,24189.0
2026-04-10,Instagram,10953.28,326676,6499,360,42573.0
2026-04-10,Google,3870.17,90557,3605,483,11789.0
2026-04-10,Influencers,5789.84,250634,2490,68,9795.0
2026-04-11,Instagram,9226.51,256037,5796,177,48368.0
2026-04-11,Google,16766.2,306907,15240,2267,36179.0
2026-04-11,Influencers,6793.3,215015,2345,39,18386.0
2026-04-12,Instagram,11082.36,836222,8537,287,51367.0
2026-04-12,Google,14661.28,563292,19070,2632,35777.0
2026-04-12,Influencers,7659.33,235351,2529,50,19186.0
2026-04-13,Instagram,11785.15,866531,13538,998,52768.0
2026-04-13,Google,9634.88,177723,9309,1126,24983.0
2026-04-13,Influencers,7028.76,245202,3181,25,21188.0
2026-04-14,Instagram,7649.56,321637,6864,499,29580.0
2026-04-14,Google,7379.66,202433,11872,1078,15391.0
2026-04-14,Influencers,3829.26,89643,1011,23,6595.0
2026-04-15,Instagram,8736.25,325437,5379,313,43180.0
2026-04-15,Google,7509.59,252101,9703,978,15592.0
2026-04-15,Influencers,5266.62,143943,2030,44,10195.0
2026-04-16,Instagram,12109.91,300022,7307,451,53769.0
2026-04-16,Google,11913.3,393333,18119,2092,24983.0
2026-04-16,Influencers,6156.91,200824,1764,50,18187.0
2026-04-17,Instagram,9467.63,492330,6316,546,42780.0
2026-04-17,Google,6864.27,129819,7570,882,18790.0
2026-04-17,Influencers,6345.78,254884,1708,13,12392.0
2026-04-18,Instagram,8913.46,250097,5545,273,44372.0
2026-04-18,Google,9754.47,275224,9592,1296,31182.0
2026-04-18,Influencers,12293.23,529895,3420,73,23584.0
2026-04-19,Instagram,6582.74,539310,7517,486,31584.0
2026-04-19,Google,5915.73,95965,5422,762,18191.0
2026-04-19,Influencers,5464.76,135666,1515,34,13194.0
2026-04-20,Instagram,13545.86,262584,7697,370,58764.0
2026-04-20,Google,12741.7,592232,22732,2575,23584.0
2026-04-20,Influencers,13084.64,440348,3447,70,23785.0
2026-04-21,Instagram,3307.13,108234,2684,218,16991.0
2026-04-21,Google,6307.51,190227,6332,611,14993.0
2026-04-21,Influencers,4990.56,195664,1688,43,8796.0
2026-04-22,Instagram,10577.76,426072,11540,643,50967.0
2026-04-22,Google,14114.21,522891,25209,2573,36577.0
2026-04-22,Influencers,5338.92,95261,1393,27,12390.0
2026-04-23,Instagram,8533.85,323475,7458,1040,40370.0
2026-04-23,Google,9387.91,296299,13176,3010,19984.0
2026-04-23,Influencers,3375.9,105454,1480,43,6396.0
2026-04-24,Instagram,10775.81,355350,10653,1516,45771.0
2026-04-24,Google,12207.67,489787,15741,2545,31381.0
2026-04-24,Influencers,6315.02,275390,3389,127,18388.0
2026-04-25,Instagram,10548.94,595069,13893,764,49568.0
2026-04-25,Google,11054.35,409059,23115,2871,34579.0
2026-04-25,Influencers,7454.22,279240,3472,156,21787.0
2026-04-26,Instagram,7954.17,585522,5923,443,41572.0
2026-04-26,Google,17392.43,874177,42241,7352,47771.0
2026-04-26,Influencers,8128.34,368873,5353,160,19988.0
2026-04-27,Instagram,18751.39,472826,13553,1079,73558.0
2026-04-27,Google,9090.37,431305,23048,4362,24183.0
2026-04-27,Influencers,5654.26,320633,1996,73,13389.0
2026-04-28,Instagram,9965.42,561642,12348,1841,51168.0
2026-04-28,Google,14310.02,778941,32668,4890,39375.0
2026-04-28,Influencers,4235.82,268228,1850,57,14587.0
2026-04-29,Instagram,11868.27,412326,8905,454,58366.0
2026-04-29,Google,13178.82,557017,21565,3150,25980.0
2026-04-29,Influencers,11183.48,347655,4089,144,23783.0
2026-04-30,Instagram,11610.02,318804,9143,1004,41572.0
2026-04-30,Google,9523.3,547716,17603,3853,18788.0
2026-04-30,Influencers,4133.15,267604,1965,91,9594.0
2026-05-01,Instagram,10811.97,397171,10356,1003,48770.0
2026-05-01,Google,10135.03,553379,21010,4915,26187.0
2026-05-01,Influencers,5074.59,203131,1713,46,14191.0
2026-05-02,Instagram,5100.68,183968,4358,303,23389.0
2026-05-02,Google,8398.78,287712,13590,3020,19192.0
2026-05-02,Influencers,12541.54,658280,6311,278,24589.0
2026-05-03,Instagram,7678.61,182011,5242,492,28977.0
2026-05-03,Google,6904.15,294536,10790,2591,22985.0
2026-05-03,Influencers,6073.28,407484,2500,37,17791.0
2026-05-04,Instagram,9993.53,236756,6711,485,45172.0
2026-05-04,Google,12007.91,405235,19200,3198,29781.0
2026-05-04,Influencers,6685.69,230280,2488,73,18989.0
2026-05-05,Instagram,13971.13,507380,10082,746,55968.0
2026-05-05,Google,8813.59,485347,15235,2984,26782.0
2026-05-05,Influencers,7069.96,305225,3617,81,13590.0
2026-05-06,Instagram,4398.0,322940,4139,522,23984.0
2026-05-06,Google,5512.62,184131,10713,2041,11192.0
2026-05-06,Influencers,851.51,59790,444,12,2798.0
2026-05-07,Instagram,12844.41,498652,12896,1034,60961.0
2026-05-07,Google,7804.79,366068,14579,2638,25984.0
2026-05-07,Influencers,9999.98,312488,4095,140,17389.0
2026-05-08,Instagram,8418.54,762130,12192,1304,39775.0
2026-05-08,Google,6075.3,188413,8818,1774,11988.0
2026-05-08,Influencers,7406.95,255046,2507,87,13990.0
2026-05-09,Instagram,9668.14,583399,10358,1466,45972.0
2026-05-09,Google,9666.18,338923,16168,3730,24784.0
2026-05-09,Influencers,10958.09,556380,6389,310,22583.0
2026-05-10,Instagram,12113.1,398974,11941,1064,45576.0
2026-05-10,Google,13925.54,426509,17822,3931,27586.0
2026-05-10,Influencers,6005.76,342494,2111,44,12593.0
2026-05-11,Instagram,11693.62,403577,10327,596,43769.0
2026-05-11,Google,11200.04,737413,32637,4382,22185.0
2026-05-11,Influencers,9842.21,391962,4893,120,31383.0
2026-05-12,Instagram,5713.29,496608,8778,1193,26987.0
2026-05-12,Google,8924.5,497302,17906,2714,19791.0
2026-05-12,Influencers,9730.27,409386,5951,125,19791.0
2026-05-13,Instagram,13321.6,795760,11868,1753,55166.0
2026-05-13,Google,16186.32,402508,21788,2672,35379.0
2026-05-13,Influencers,7350.15,289690,2674,101,13190.0
2026-05-14,Instagram,5537.41,166623,3920,489,29984.0
2026-05-14,Google,5041.78,204457,7555,1254,9395.0
2026-05-14,Influencers,6596.14,349722,2630,84,14593.0
2026-05-15,Instagram,7476.22,1171575,12195,1413,34975.0
2026-05-15,Google,14130.54,704339,23305,4799,43574.0
2026-05-15,Influencers,6936.71,181351,2517,116,23186.0
2026-05-16,Instagram,5904.96,320945,7417,1085,26380.0
2026-05-16,Google,10290.74,295992,14776,2108,31775.0
2026-05-16,Influencers,5706.81,172786,2050,70,16187.0
2026-05-17,Instagram,9440.04,1035502,12312,651,42575.0
2026-05-17,Google,12920.26,910481,29076,6511,31178.0
2026-05-17,Influencers,9713.0,536285,5427,85,21787.0
2026-05-18,Instagram,7231.5,404235,8425,487,34179.0
2026-05-18,Google,10759.74,352796,21166,4604,29184.0
2026-05-18,Influencers,7491.32,574117,3955,144,17791.0
2026-05-19,Instagram,9402.7,227136,6402,832,44967.0
2026-05-19,Google,8310.45,240791,13366,1620,19785.0
2026-05-19,Influencers,8809.59,569119,5736,162,20985.0
2026-05-20,Instagram,4529.65,210783,3329,175,24985.0
2026-05-20,Google,9674.96,502399,16052,2091,22786.0
2026-05-20,Influencers,2437.72,144750,970,41,4597.0
2026-05-21,Instagram,12277.55,508984,9606,1227,45172.0
2026-05-21,Google,18072.17,770739,24944,6122,33178.0
2026-05-21,Influencers,15974.4,917089,9904,206,27184.0
2026-05-22,Instagram,13812.93,1187448,15553,2149,51172.0
2026-05-22,Google,18430.23,1165423,41203,8452,35375.0
2026-05-22,Influencers,7462.9,301782,2924,93,15988.0
2026-05-23,Instagram,7967.13,354163,7142,750,37381.0
2026-05-23,Google,5022.35,183172,9162,2143,15192.0
2026-05-23,Influencers,9354.6,292053,3438,37,22790.0
2026-05-24,Instagram,6367.21,442775,5965,571,28587.0
2026-05-24,Google,13161.42,396039,18197,3240,29387.0
2026-05-24,Influencers,4855.79,158817,1647,70,10195.0
2026-05-25,Instagram,10045.59,314045,7849,813,38175.0
2026-05-25,Google,10997.35,277616,16057,3628,22587.0
2026-05-25,Influencers,3929.26,179213,2095,97,9992.0
2026-05-26,Instagram,7364.4,382762,5948,432,35381.0
2026-05-26,Google,13925.56,440799,23602,3590,25387.0
2026-05-26,Influencers,9078.1,477891,3158,69,22987.0
2026-05-27,Instagram,12383.11,1234070,18852,2642,53767.0
2026-05-27,Google,12965.95,386725,21989,3717,25982.0
2026-05-27,Influencers,9286.0,819667,5051,212,17988.0
2026-05-28,Instagram,6725.61,420371,10288,664,27785.0
2026-05-28,Google,4912.48,182223,7144,1195,10595.0
2026-05-28,Influencers,7213.59,298881,2647,85,19190.0
2026-05-29,Instagram,6442.25,206516,4529,255,33982.0
2026-05-29,Google,6445.95,202625,11538,1410,19986.0
2026-05-29,Influencers,5864.4,181243,2529,55,14589.0
2026-05-30,Instagram,6214.17,344802,6941,962,27783.0
2026-05-30,Google,8366.85,253412,13496,2413,18989.0
2026-05-30,Influencers,6841.25,500452,2830,124,13391.0
2026-05-31,Instagram,7678.86,360948,7927,589,32780.0
2026-05-31,Google,8388.1,836977,27839,5619,15389.0
2026-05-31,Influencers,9251.09,515916,4193,185,15592.0
2026-06-01,Instagram,6545.51,726708,9010,1176,26983.0
2026-06-01,Google,7188.06,215273,9461,1745,22187.0
2026-06-01,Influencers,6460.22,186165,2597,41,11393.0
2026-06-02,Instagram,7931.13,264251,5712,587,33578.0
2026-06-02,Google,9243.98,227196,12496,2328,23188.0
2026-06-02,Influencers,3154.41,311048,1653,57,10591.0
2026-06-03,Instagram,12397.45,340333,9890,535,44973.0
2026-06-03,Google,6011.9,292748,9990,2089,12392.0
2026-06-03,Influencers,6353.1,452252,2644,122,15791.0
2026-06-04,Instagram,11015.68,551322,11290,908,41974.0
2026-06-04,Google,6502.44,222907,9352,1350,16589.0
2026-06-04,Influencers,5172.84,229963,2781,38,12193.0
2026-06-05,Instagram,7301.65,344820,4922,357,33779.0
2026-06-05,Google,8752.51,535910,17312,3465,16989.0
2026-06-05,Influencers,5695.74,376334,2267,85,12394.0
2026-06-06,Instagram,7594.85,558257,9489,496,38975.0
2026-06-06,Google,9864.75,621814,23661,5076,22388.0
2026-06-06,Influencers,4752.64,468016,2531,118,8794.0
2026-06-07,Instagram,7575.69,187390,5066,731,41773.0
2026-06-07,Google,6388.05,243027,8520,2058,20388.0
2026-06-07,Influencers,5755.98,222512,2857,37,9594.0
2026-06-08,Instagram,9030.11,345541,10124,912,32380.0
2026-06-08,Google,9836.13,435316,20929,3010,19387.0
2026-06-08,Influencers,4728.48,186916,2094,98,8595.0
2026-06-09,Instagram,6940.04,336554,5608,579,26181.0
2026-06-09,Google,11345.36,523085,27732,4445,31381.0
2026-06-09,Influencers,5016.61,245173,2752,116,15592.0
2026-06-10,Instagram,6269.09,250543,5334,536,31980.0
2026-06-10,Google,9655.85,801152,26732,6085,26384.0
2026-06-10,Influencers,3639.04,113769,1561,21,7795.0
2026-06-11,Instagram,10949.29,309205,8312,994,39576.0
2026-06-11,Google,10573.11,365846,14658,2443,25984.0
2026-06-11,Influencers,4631.23,181539,1781,87,9393.0
2026-06-12,Instagram,9318.19,381876,7534,659,38774.0
2026-06-12,Google,9474.7,288507,14147,3437,20788.0
2026-06-12,Influencers,3493.57,224226,2091,69,7795.0
2026-06-13,Instagram,7293.67,401868,8484,1260,28784.0
2026-06-13,Google,3810.87,148319,6447,1154,10792.0
2026-06-13,Influencers,10833.57,961843,5829,146,24185.0
2026-06-14,Instagram,8378.69,299113,6312,863,33978.0
2026-06-14,Google,8472.1,306353,10844,2466,17590.0
2026-06-14,Influencers,7602.57,263652,2836,47,16790.0
2026-06-15,Instagram,7640.88,301591,8290,890,31178.0
2026-06-15,Google,6856.58,382515,21842,3806,12593.0
2026-06-15,Influencers,5287.08,405651,2230,96,17592.0
2026-06-16,Instagram,6041.74,385687,8201,492,26782.0
2026-06-16,Google,9629.65,317573,17944,4436,22386.0
2026-06-16,Influencers,9894.35,592467,4716,105,17190.0
2026-06-17,Instagram,11685.24,503833,10052,1439,44772.0
2026-06-17,Google,9388.74,338442,18173,3657,21188.0
2026-06-17,Influencers,2100.66,117452,891,32,5797.0
2026-06-18,Instagram,14807.15,1731708,18820,1319,69956.0
2026-06-18,Google,10419.65,321276,16409,2310,24384.0
2026-06-18,Influencers,8736.08,630525,5103,229,25783.0
2026-06-19,Instagram,13085.19,679650,20051,2852,54965.0
2026-06-19,Google,10349.0,517057,24415,5737,31982.0
2026-06-19,Influencers,7076.53,349736,3830,118,19389.0
2026-06-20,Instagram,9701.08,782277,8059,536,50768.0
2026-06-20,Google,13178.81,974381,32682,6684,38177.0
2026-06-20,Influencers,7734.51,296626,2618,95,24983.0
2026-06-21,Instagram,9496.44,383485,7388,656,44368.0
2026-06-21,Google,11946.78,690764,31084,7421,38778.0
2026-06-21,Influencers,8477.95,274060,3366,69,20189.0
2026-06-22,Instagram,11433.29,381346,10004,1299,61361.0
2026-06-22,Google,9179.74,380527,12691,1971,28983.0
2026-06-22,Influencers,6322.08,271473,2292,93,20987.0
2026-06-23,Instagram,16172.25,520859,11217,663,71154.0
2026-06-23,Google,6785.98,206583,11937,2252,17986.0
2026-06-23,Influencers,13206.99,1046476,7213,283,25785.0
2026-06-24,Instagram,11383.72,1438011,15671,935,50969.0
2026-06-24,Google,14051.35,780367,33146,5609,29781.0
2026-06-24,Influencers,6325.3,451066,4180,156,16589.0
2026-06-25,Instagram,11972.19,1061041,18757,1767,49168.0
2026-06-25,Google,15311.48,938117,39293,6221,28979.0
2026-06-25,Influencers,18095.88,1165523,7350,366,30583.0
2026-06-26,Instagram,9201.61,247656,7171,516,39974.0
2026-06-26,Google,10612.51,374146,18911,2577,32780.0
2026-06-26,Influencers,15624.56,700106,6272,177,33180.0
2026-06-27,Instagram,13155.88,1156033,12069,1671,65363.0
2026-06-27,Google,11671.0,493552,23402,5275,22782.0
2026-06-27,Influencers,10794.59,479036,6326,271,27982.0
2026-06-28,Instagram,8795.57,407465,12040,1091,36376.0
2026-06-28,Google,18063.76,526922,23163,3271,52370.0
2026-06-28,Influencers,6086.01,157789,2063,100,20388.0
2026-06-29,Instagram,9448.01,523698,10030,1178,46569.0
2026-06-29,Google,16980.01,414328,21913,5275,32380.0
2026-06-29,Influencers,6952.47,426662,2748,94,15391.0
2026-06-30,Instagram,8998.05,243481,7164,823,42567.0
2026-06-30,Google,6865.82,296561,9966,2138,12991.0
2026-06-30,Influencers,10731.38,855560,4817,221,17986.0
2026-07-01,Instagram,10007.37,267033,7455,592,51365.0
2026-07-01,Google,15373.38,628017,27281,6084,37178.0
2026-07-01,Influencers,9103.54,338297,4081,182,23383.0
2026-07-02,Instagram,8134.8,452270,7316,381,37375.0
2026-07-02,Google,7148.7,301642,11161,1373,21783.0
2026-07-02,Influencers,8306.44,241815,3099,83,15389.0
2026-07-03,Instagram,9690.43,280610,7417,681,45568.0
2026-07-03,Google,11442.5,908310,28884,6299,34372.0
2026-07-03,Influencers,5527.25,290539,3043,120,14790.0
2026-07-04,Instagram,13331.06,1072110,11059,1315,58563.0
2026-07-04,Google,17323.98,681425,28244,4473,32579.0
2026-07-04,Influencers,6018.44,428919,2503,35,12589.0
2026-07-05,Instagram,16581.12,651168,15808,1988,66760.0
2026-07-05,Google,7529.35,331919,19815,3555,15389.0
2026-07-05,Influencers,10216.62,535032,4632,146,17590.0
2026-07-06,Instagram,11237.9,433429,11832,641,50370.0
2026-07-06,Google,10195.17,247634,13254,1683,21387.0
2026-07-06,Influencers,13318.68,785725,5123,230,32579.0
2026-07-07,Instagram,14359.1,972593,21741,2352,57964.0
2026-07-07,Google,12680.43,517131,25292,3446,33779.0
2026-07-07,Influencers,6223.77,199303,2390,113,10591.0
2026-07-08,Instagram,15038.02,374852,10385,1539,54969.0
2026-07-08,Google,8548.25,348324,14866,1913,18985.0
2026-07-08,Influencers,5043.0,273900,1835,59,16989.0
2026-07-09,Instagram,10289.5,286254,7438,562,41958.0
2026-07-09,Google,11076.31,465122,16949,3932,20780.0
2026-07-09,Influencers,6386.87,290320,2499,57,19980.0
2026-07-10,Instagram,18752.34,1136713,28207,3377,68539.0
2026-07-10,Google,23313.76,749082,39622,5071,43564.0
2026-07-10,Influencers,7812.85,453810,4017,108,21781.0
2026-07-11,Instagram,5765.87,333627,5589,744,30177.0
2026-07-11,Google,10927.78,376272,14811,2815,21787.0
2026-07-11,Influencers,3852.0,197744,1617,34,8794.0
2026-07-12,Instagram,4605.92,398058,5132,415,21584.0
2026-07-12,Google,4483.39,137385,6131,1298,9795.0
2026-07-12,Influencers,778.9,50460,290,6,1998.0
2026-07-13,Instagram,2842.93,118401,3240,336,13588.0
2026-07-13,Google,4123.03,139187,6857,1267,8394.0
2026-07-13,Influencers,7460.78,334524,4778,227,14991.0
2026-07-14,Instagram,6415.14,646086,8175,473,28780.0
2026-07-14,Google,6791.83,418396,13873,3135,13592.0
2026-07-14,Influencers,3315.4,102249,1173,41,6396.0
2026-07-15,Instagram,7629.07,464244,7551,1092,27584.0
2026-07-15,Google,4806.17,115578,6740,1456,9592.0
2026-07-15,Influencers,7231.48,441807,3260,148,15391.0
2026-07-16,Instagram,5530.14,458164,4662,397,28981.0
2026-07-16,Google,6088.09,192274,9374,1801,17988.0
2026-07-16,Influencers,1255.56,60554,668,26,3797.0
2026-07-17,Instagram,3929.56,190748,3219,167,15787.0
2026-07-17,Google,6228.58,304367,11707,2761,12993.0
2026-07-17,Influencers,3599.52,94696,1313,15,7795.0
2026-07-18,Instagram,4651.46,311055,7275,611,21590.0
2026-07-18,Google,1679.53,89718,3978,766,4597.0
2026-07-18,Influencers,5192.83,325256,3424,114,11395.0
2026-07-19,Instagram,4724.42,391390,5255,519,18388.0
2026-07-19,Google,8859.34,509465,23266,3578,16987.0
2026-07-19,Influencers,7580.84,456651,3334,163,15391.0
2026-07-20,Instagram,2144.11,89535,1771,124,10989.0
2026-07-20,Google,674.6,26517,1454,237,1998.0
2026-07-20,Influencers,1743.16,131880,1003,14,2997.0
2026-07-21,Instagram,2804.1,213130,3410,204,13992.0
2026-07-21,Google,7798.28,236610,10487,1575,17192.0
2026-07-21,Influencers,3508.17,169479,1936,84,6396.0
2026-07-22,Instagram,6975.78,341236,4923,448,28782.0
2026-07-22,Google,5919.51,264484,13430,2027,12991.0
2026-07-22,Influencers,5210.81,523826,2951,144,12792.0
2026-07-23,Instagram,3131.92,288237,4134,558,16790.0
2026-07-23,Google,4015.87,230873,12920,2305,11990.0
2026-07-23,Influencers,3549.2,202433,1439,23,8794.0
2026-07-24,Instagram,3101.56,370549,5033,599,13389.0
2026-07-24,Google,2504.66,150155,6037,856,7594.0
2026-07-24,Influencers,5568.23,411616,2247,30,16989.0
2026-07-25,Instagram,5423.56,485788,4994,738,23984.0
2026-07-25,Google,3751.45,230102,8225,1811,12392.0
2026-07-25,Influencers,4886.51,254006,2271,109,9594.0
2026-07-26,Instagram,6032.27,222716,5379,514,26782.0
2026-07-26,Google,9277.45,345425,12632,2538,17389.0
2026-07-26,Influencers,3022.44,97200,1406,63,7596.0
2026-07-27,Instagram,5818.05,255465,6240,671,21188.0
2026-07-27,Google,7935.05,258317,10021,2379,18386.0
2026-07-27,Influencers,6564.63,288500,3330,35,14191.0
2026-07-28,Instagram,3446.49,222863,4251,451,15588.0
2026-07-28,Google,7700.52,332222,18159,3798,24187.0
2026-07-28,Influencers,6250.02,179828,2496,118,13990.0
2026-07-29,Instagram,2254.89,225930,3565,295,9992.0
2026-07-29,Google,3592.77,182269,9767,1691,10993.0
2026-07-29,Influencers,4653.99,158451,1603,26,11992.0
2026-07-30,Instagram,10895.69,542824,11615,991,55767.0
2026-07-30,Google,6921.17,242480,10737,1768,22983.0
2026-07-30,Influencers,8950.2,454739,3464,101,24183.0
2026-07-31,Instagram,5489.46,263260,4462,643,29777.0
2026-07-31,Google,11966.83,642954,27360,5106,28782.0
2026-07-31,Influencers,5387.91,342035,2751,92,11992.0
2026-08-01,Instagram,8039.42,643423,7643,1106,32376.0
2026-08-01,Google,16007.32,627994,20422,4384,34376.0
2026-08-01,Influencers,8294.03,345054,4970,51,14189.0
2026-08-02,Instagram,13253.88,478352,11153,1308,63562.0
2026-08-02,Google,7992.03,449525,17318,2535,22784.0
2026-08-02,Influencers,7727.15,326475,2826,72,21186.0
2026-08-03,Instagram,16155.94,632442,12243,827,62563.0
2026-08-03,Google,8596.17,352836,19408,4400,19387.0
2026-08-03,Influencers,7792.01,509955,4745,127,18786.0
2026-08-04,Instagram,4329.41,316843,6257,743,15592.0
2026-08-04,Google,7755.34,435192,13399,2205,21789.0
2026-08-04,Influencers,5672.06,239802,3346,166,12593.0
2026-08-05,Instagram,10260.52,364364,9031,1198,44376.0
2026-08-05,Google,6810.7,520322,20394,3466,14392.0
2026-08-05,Influencers,12874.57,673718,5726,284,22589.0
2026-08-06,Instagram,12644.14,673089,14889,2008,52569.0
2026-08-06,Google,13165.95,433193,18512,3937,33779.0
2026-08-06,Influencers,6929.74,355108,2618,56,18187.0
2026-08-07,Instagram,7168.48,337500,9673,662,27377.0
2026-08-07,Google,10982.12,717051,27004,5843,32784.0
2026-08-07,Influencers,8997.53,260287,3492,74,17785.0
2026-08-08,Instagram,12196.51,416417,9451,1253,44969.0
2026-08-08,Google,16694.96,623895,32086,4773,32979.0
2026-08-08,Influencers,13386.59,731095,7956,291,26985.0
2026-08-09,Instagram,13232.71,1033779,18893,1957,56770.0
2026-08-09,Google,8726.68,266292,13530,2450,18191.0
2026-08-09,Influencers,3013.01,139205,1966,82,8396.0
2026-08-10,Instagram,9641.3,469367,7624,884,51769.0
2026-08-10,Google,11454.45,581845,20854,4941,30979.0
2026-08-10,Influencers,9445.63,830217,4946,67,18185.0
2026-08-11,Instagram,8805.15,281742,7542,437,33783.0
2026-08-11,Google,7554.08,213629,10713,1836,20989.0
2026-08-11,Influencers,7864.64,481192,3279,99,16193.0
2026-08-12,Instagram,4317.87,152388,3641,300,20382.0
2026-08-12,Google,5472.59,289797,9653,1443,14587.0
2026-08-12,Influencers,6762.82,307963,4203,139,12593.0
2026-08-13,Instagram,9749.37,441516,10461,1241,39170.0
2026-08-13,Google,12697.75,941227,39637,9121,25580.0
2026-08-13,Influencers,6962.95,174585,2385,83,17988.0
2026-08-14,Instagram,9386.94,418910,7703,859,38179.0
2026-08-14,Google,8898.95,318635,11522,1685,23988.0
2026-08-14,Influencers,5761.61,235352,2066,82,12193.0
2026-08-15,Instagram,7285.76,533376,8663,1083,37381.0
2026-08-15,Google,5217.01,173031,9845,1928,16193.0
2026-08-15,Influencers,9491.32,669573,3925,153,17992.0
2026-08-16,Instagram,8822.1,206942,5913,356,32376.0
2026-08-16,Google,10744.68,452473,25829,3643,32975.0
2026-08-16,Influencers,6685.12,287279,2690,85,12191.0
2026-08-17,Instagram,11705.62,823209,13394,1782,44171.0
2026-08-17,Google,10482.46,506513,16435,3771,32780.0
2026-08-17,Influencers,11047.22,786825,4086,178,20388.0
2026-08-18,Instagram,12746.73,447070,8540,1246,63562.0
2026-08-18,Google,8010.62,392300,22105,4062,26185.0
2026-08-18,Influencers,6786.43,338163,3108,32,17188.0
2026-08-19,Instagram,10823.18,309007,7349,685,53966.0
2026-08-19,Google,13603.02,529153,19573,2358,33980.0
2026-08-19,Influencers,13258.8,590228,5599,231,23383.0
